{
  "version": "5.1.1",
  "flags": {},
  "shapes": [
    {
      "label": "resistor",
      "points": [
        [
          173.0,
          229.0
        ],
        [
          193.0,
          271.0
        ]
      ],
      "group_id": null,
      "shape_type": "rectangle",
      "flags": {}
    },
    {
      "label": "port",
      "points": [
        [
          478.0,
          96.0
        ],
        [
          512.0,
          126.0
        ]
      ],
      "group_id": null,
      "shape_type": "rectangle",
      "flags": {}
    },
    {
      "label": "voltage",
      "points": [
        [
          24.0,
          76.0
        ],
        [
          62.0,
          113.0
        ]
      ],
      "group_id": null,
      "shape_type": "rectangle",
      "flags": {}
    },
    {
      "label": "capacitor",
      "points": [
        [
          441.0,
          108.0
        ],
        [
          453.0,
          144.0
        ]
      ],
      "group_id": null,
      "shape_type": "rectangle",
      "flags": {}
    },
    {
      "label": "gnd",
      "points": [
        [
          29.0,
          150.0
        ],
        [
          60.0,
          168.0
        ]
      ],
      "group_id": null,
      "shape_type": "rectangle",
      "flags": {}
    },
    {
      "label": "gnd",
      "points": [
        [
          28.0,
          290.0
        ],
        [
          59.0,
          308.0
        ]
      ],
      "group_id": null,
      "shape_type": "rectangle",
      "flags": {}
    },
    {
      "label": "resistor",
      "points": [
        [
          174.0,
          105.0
        ],
        [
          193.0,
          145.0
        ]
      ],
      "group_id": null,
      "shape_type": "rectangle",
      "flags": {}
    },
    {
      "label": "resistor",
      "points": [
        [
          345.0,
          76.0
        ],
        [
          364.0,
          114.0
        ]
      ],
      "group_id": null,
      "shape_type": "rectangle",
      "flags": {}
    },
    {
      "label": "voltage",
      "points": [
        [
          25.0,
          216.0
        ],
        [
          62.0,
          253.0
        ]
      ],
      "group_id": null,
      "shape_type": "rectangle",
      "flags": {}
    },
    {
      "label": "capacitor",
      "points": [
        [
          130.0,
          184.0
        ],
        [
          143.0,
          222.0
        ]
      ],
      "group_id": null,
      "shape_type": "rectangle",
      "flags": {}
    },
    {
      "label": "gnd",
      "points": [
        [
          247.0,
          305.0
        ],
        [
          276.0,
          324.0
        ]
      ],
      "group_id": null,
      "shape_type": "rectangle",
      "flags": {}
    },
    {
      "label": "gnd",
      "points": [
        [
          168.0,
          306.0
        ],
        [
          199.0,
          323.0
        ]
      ],
      "group_id": null,
      "shape_type": "rectangle",
      "flags": {}
    },
    {
      "label": "nmos-bulk",
      "points": [
        [
          329.0,
          138.0
        ],
        [
          356.0,
          176.0
        ]
      ],
      "group_id": null,
      "shape_type": "rectangle",
      "flags": {}
    },
    {
      "label": "resistor",
      "points": [
        [
          251.0,
          90.0
        ],
        [
          270.0,
          129.0
        ]
      ],
      "group_id": null,
      "shape_type": "rectangle",
      "flags": {}
    },
    {
      "label": "nmos-bulk",
      "points": [
        [
          236.0,
          184.0
        ],
        [
          263.0,
          222.0
        ]
      ],
      "group_id": null,
      "shape_type": "rectangle",
      "flags": {}
    }
  ],
  "imagePath": "1209.jpg",
  "imageData": null,
  "imageHeight": 405,
  "imageWidth": 540
}