{
  "version": "5.1.1",
  "flags": {},
  "shapes": [
    {
      "label": "gnd",
      "points": [
        [
          655.0,
          578.0
        ],
        [
          688.0,
          597.0
        ]
      ],
      "group_id": null,
      "shape_type": "rectangle",
      "flags": {}
    },
    {
      "label": "gnd",
      "points": [
        [
          376.0,
          578.0
        ],
        [
          410.0,
          598.0
        ]
      ],
      "group_id": null,
      "shape_type": "rectangle",
      "flags": {}
    },
    {
      "label": "capacitor",
      "points": [
        [
          319.0,
          259.0
        ],
        [
          339.0,
          295.0
        ]
      ],
      "group_id": null,
      "shape_type": "rectangle",
      "flags": {}
    },
    {
      "label": "resistor",
      "points": [
        [
          660.0,
          134.0
        ],
        [
          686.0,
          205.0
        ]
      ],
      "group_id": null,
      "shape_type": "rectangle",
      "flags": {}
    },
    {
      "label": "gnd",
      "points": [
        [
          249.0,
          308.0
        ],
        [
          282.0,
          329.0
        ]
      ],
      "group_id": null,
      "shape_type": "rectangle",
      "flags": {}
    },
    {
      "label": "resistor",
      "points": [
        [
          381.0,
          463.0
        ],
        [
          408.0,
          534.0
        ]
      ],
      "group_id": null,
      "shape_type": "rectangle",
      "flags": {}
    },
    {
      "label": "capacitor",
      "points": [
        [
          319.0,
          404.0
        ],
        [
          339.0,
          440.0
        ]
      ],
      "group_id": null,
      "shape_type": "rectangle",
      "flags": {}
    },
    {
      "label": "capacitor",
      "points": [
        [
          731.0,
          511.0
        ],
        [
          769.0,
          533.0
        ]
      ],
      "group_id": null,
      "shape_type": "rectangle",
      "flags": {}
    },
    {
      "label": "capacitor",
      "points": [
        [
          747.0,
          200.0
        ],
        [
          767.0,
          236.0
        ]
      ],
      "group_id": null,
      "shape_type": "rectangle",
      "flags": {}
    },
    {
      "label": "resistor",
      "points": [
        [
          661.0,
          479.0
        ],
        [
          687.0,
          551.0
        ]
      ],
      "group_id": null,
      "shape_type": "rectangle",
      "flags": {}
    },
    {
      "label": "port",
      "points": [
        [
          257.0,
          416.0
        ],
        [
          269.0,
          429.0
        ]
      ],
      "group_id": null,
      "shape_type": "rectangle",
      "flags": {}
    },
    {
      "label": "resistor",
      "points": [
        [
          381.0,
          167.0
        ],
        [
          407.0,
          238.0
        ]
      ],
      "group_id": null,
      "shape_type": "rectangle",
      "flags": {}
    },
    {
      "label": "gnd",
      "points": [
        [
          733.0,
          578.0
        ],
        [
          768.0,
          598.0
        ]
      ],
      "group_id": null,
      "shape_type": "rectangle",
      "flags": {}
    },
    {
      "label": "resistor",
      "points": [
        [
          381.0,
          315.0
        ],
        [
          408.0,
          387.0
        ]
      ],
      "group_id": null,
      "shape_type": "rectangle",
      "flags": {}
    },
    {
      "label": "port",
      "points": [
        [
          529.305,
          85.9219
        ],
        [
          537.8322,
          91.6044
        ]
      ],
      "group_id": null,
      "shape_type": "rectangle",
      "flags": {}
    },
    {
      "label": "npn",
      "points": [
        [
          632.1081,
          241.9042
        ],
        [
          678.2001,
          312.7082
        ]
      ],
      "group_id": null,
      "shape_type": "rectangle",
      "flags": {}
    },
    {
      "label": "npn",
      "points": [
        [
          629.9289,
          386.1172
        ],
        [
          676.0213,
          456.9166
        ]
      ],
      "group_id": null,
      "shape_type": "rectangle",
      "flags": {}
    },
    {
      "label": "port",
      "points": [
        [
          831.476,
          211.1974
        ],
        [
          842.6478,
          224.2261
        ]
      ],
      "group_id": null,
      "shape_type": "rectangle",
      "flags": {}
    }
  ],
  "imagePath": "12114.jpg",
  "imageData": null,
  "imageHeight": 616,
  "imageWidth": 1080
}