{
  "version": "5.1.1",
  "flags": {},
  "shapes": [
    {
      "label": "cross-line-curved",
      "points": [
        [
          219.0,
          395.0
        ],
        [
          241.0,
          410.0
        ]
      ],
      "group_id": null,
      "shape_type": "rectangle",
      "flags": {}
    },
    {
      "label": "nmos-cross",
      "points": [
        [
          143.0,
          372.0
        ],
        [
          195.0,
          439.0
        ]
      ],
      "group_id": null,
      "shape_type": "rectangle",
      "flags": {}
    },
    {
      "label": "gnd",
      "points": [
        [
          330.0,
          607.0
        ],
        [
          376.0,
          632.0
        ]
      ],
      "group_id": null,
      "shape_type": "rectangle",
      "flags": {}
    },
    {
      "label": "port",
      "points": [
        [
          454.0,
          327.0
        ],
        [
          474.0,
          347.0
        ]
      ],
      "group_id": null,
      "shape_type": "rectangle",
      "flags": {}
    },
    {
      "label": "port",
      "points": [
        [
          253.0,
          533.0
        ],
        [
          273.0,
          553.0
        ]
      ],
      "group_id": null,
      "shape_type": "rectangle",
      "flags": {}
    },
    {
      "label": "nmos",
      "points": [
        [
          303.0,
          372.0
        ],
        [
          357.0,
          439.0
        ]
      ],
      "group_id": null,
      "shape_type": "rectangle",
      "flags": {}
    },
    {
      "label": "port",
      "points": [
        [
          25.0,
          465.0
        ],
        [
          44.0,
          484.0
        ]
      ],
      "group_id": null,
      "shape_type": "rectangle",
      "flags": {}
    },
    {
      "label": "port",
      "points": [
        [
          343.0,
          28.0
        ],
        [
          362.0,
          48.0
        ]
      ],
      "group_id": null,
      "shape_type": "rectangle",
      "flags": {}
    },
    {
      "label": "port",
      "points": [
        [
          247.0,
          259.0
        ],
        [
          270.0,
          278.0
        ]
      ],
      "group_id": null,
      "shape_type": "rectangle",
      "flags": {}
    },
    {
      "label": "nmos",
      "points": [
        [
          142.0,
          510.0
        ],
        [
          194.0,
          576.0
        ]
      ],
      "group_id": null,
      "shape_type": "rectangle",
      "flags": {}
    },
    {
      "label": "gnd",
      "points": [
        [
          122.0,
          607.0
        ],
        [
          170.0,
          632.0
        ]
      ],
      "group_id": null,
      "shape_type": "rectangle",
      "flags": {}
    },
    {
      "label": "pmos",
      "points": [
        [
          303.0,
          98.0
        ],
        [
          356.0,
          163.0
        ]
      ],
      "group_id": null,
      "shape_type": "rectangle",
      "flags": {}
    },
    {
      "label": "pmos",
      "points": [
        [
          304.0,
          234.0
        ],
        [
          357.0,
          300.0
        ]
      ],
      "group_id": null,
      "shape_type": "rectangle",
      "flags": {}
    },
    {
      "label": "nmos",
      "points": [
        [
          305.0,
          510.0
        ],
        [
          357.0,
          576.0
        ]
      ],
      "group_id": null,
      "shape_type": "rectangle",
      "flags": {}
    },
    {
      "label": "port",
      "points": [
        [
          253.2605,
          120.5754
        ],
        [
          272.2613,
          140.5713
        ]
      ],
      "group_id": null,
      "shape_type": "rectangle",
      "flags": {}
    },
    {
      "label": "port",
      "points": [
        [
          90.0772,
          395.6243
        ],
        [
          109.0723,
          415.6271
        ]
      ],
      "group_id": null,
      "shape_type": "rectangle",
      "flags": {}
    }
  ],
  "imagePath": "book_1_image_336.png",
  "imageData": null,
  "imageHeight": 635,
  "imageWidth": 484
}