{
  "version": "5.1.1",
  "flags": {},
  "shapes": [
    {
      "label": "gnd",
      "points": [
        [
          286.0,
          605.0
        ],
        [
          324.0,
          628.0
        ]
      ],
      "group_id": null,
      "shape_type": "rectangle",
      "flags": {}
    },
    {
      "label": "resistor2",
      "points": [
        [
          695.0,
          234.0
        ],
        [
          772.0,
          275.0
        ]
      ],
      "group_id": null,
      "shape_type": "rectangle",
      "flags": {}
    },
    {
      "label": "resistor2",
      "points": [
        [
          700.0,
          814.0
        ],
        [
          776.0,
          854.0
        ]
      ],
      "group_id": null,
      "shape_type": "rectangle",
      "flags": {}
    },
    {
      "label": "gnd",
      "points": [
        [
          282.0,
          862.0
        ],
        [
          319.0,
          886.0
        ]
      ],
      "group_id": null,
      "shape_type": "rectangle",
      "flags": {}
    },
    {
      "label": "single-end-amp",
      "points": [
        [
          440.0,
          185.0
        ],
        [
          586.0,
          325.0
        ]
      ],
      "group_id": null,
      "shape_type": "rectangle",
      "flags": {}
    },
    {
      "label": "resistor2",
      "points": [
        [
          1164.0,
          327.0
        ],
        [
          1203.0,
          407.0
        ]
      ],
      "group_id": null,
      "shape_type": "rectangle",
      "flags": {}
    },
    {
      "label": "resistor2",
      "points": [
        [
          696.0,
          556.0
        ],
        [
          771.0,
          596.0
        ]
      ],
      "group_id": null,
      "shape_type": "rectangle",
      "flags": {}
    },
    {
      "label": "resistor2",
      "points": [
        [
          1275.0,
          708.0
        ],
        [
          1350.0,
          747.0
        ]
      ],
      "group_id": null,
      "shape_type": "rectangle",
      "flags": {}
    },
    {
      "label": "single-end-amp",
      "points": [
        [
          441.0,
          764.0
        ],
        [
          581.0,
          905.0
        ]
      ],
      "group_id": null,
      "shape_type": "rectangle",
      "flags": {}
    },
    {
      "label": "gnd",
      "points": [
        [
          283.0,
          283.0
        ],
        [
          321.0,
          306.0
        ]
      ],
      "group_id": null,
      "shape_type": "rectangle",
      "flags": {}
    },
    {
      "label": "gnd",
      "points": [
        [
          167.0,
          743.0
        ],
        [
          207.0,
          766.0
        ]
      ],
      "group_id": null,
      "shape_type": "rectangle",
      "flags": {}
    },
    {
      "label": "port",
      "points": [
        [
          1165.0,
          284.0
        ],
        [
          1202.0,
          307.0
        ]
      ],
      "group_id": null,
      "shape_type": "rectangle",
      "flags": {}
    },
    {
      "label": "single-end-amp",
      "points": [
        [
          434.0,
          505.0
        ],
        [
          588.0,
          648.0
        ]
      ],
      "group_id": null,
      "shape_type": "rectangle",
      "flags": {}
    },
    {
      "label": "resistor2_3",
      "points": [
        [
          281.0,
          176.0
        ],
        [
          321.0,
          268.0
        ]
      ],
      "group_id": null,
      "shape_type": "rectangle",
      "flags": {}
    },
    {
      "label": "gnd",
      "points": [
        [
          1665.1274,
          588.6009
        ],
        [
          1705.7558,
          610.1702
        ]
      ],
      "group_id": null,
      "shape_type": "rectangle",
      "flags": {}
    },
    {
      "label": "resistor2_3",
      "points": [
        [
          285.1598,
          498.4115
        ],
        [
          325.1528,
          590.4136
        ]
      ],
      "group_id": null,
      "shape_type": "rectangle",
      "flags": {}
    },
    {
      "label": "resistor2_3",
      "points": [
        [
          281.5376,
          760.6012
        ],
        [
          321.5354,
          852.6065
        ]
      ],
      "group_id": null,
      "shape_type": "rectangle",
      "flags": {}
    },
    {
      "label": "port",
      "points": [
        [
          1615.4644,
          539.9556
        ],
        [
          1639.0437,
          550.4883
        ]
      ],
      "group_id": null,
      "shape_type": "rectangle",
      "flags": {}
    },
    {
      "label": "port",
      "points": [
        [
          1617.9744,
          572.0584
        ],
        [
          1634.5249,
          582.0837
        ]
      ],
      "group_id": null,
      "shape_type": "rectangle",
      "flags": {}
    },
    {
      "label": "single-end-amp",
      "points": [
        [
          1239.7775,
          474.7477
        ],
        [
          1392.7549,
          617.1995
        ]
      ],
      "group_id": null,
      "shape_type": "rectangle",
      "flags": {}
    },
    {
      "label": "gnd",
      "points": [
        [
          172.5229,
          488.1086
        ],
        [
          210.5234,
          511.1037
        ]
      ],
      "group_id": null,
      "shape_type": "rectangle",
      "flags": {}
    },
    {
      "label": "gnd",
      "points": [
        [
          168.1961,
          164.5225
        ],
        [
          206.1982,
          187.5249
        ]
      ],
      "group_id": null,
      "shape_type": "rectangle",
      "flags": {}
    },
    {
      "label": "port",
      "points": [
        [
          119.2319,
          117.5032
        ],
        [
          143.14,
          134.8314
        ]
      ],
      "group_id": null,
      "shape_type": "rectangle",
      "flags": {}
    },
    {
      "label": "port",
      "points": [
        [
          116.011,
          145.6846
        ],
        [
          139.9198,
          163.014
        ]
      ],
      "group_id": null,
      "shape_type": "rectangle",
      "flags": {}
    },
    {
      "label": "port",
      "points": [
        [
          120.349,
          438.2138
        ],
        [
          144.2589,
          455.5434
        ]
      ],
      "group_id": null,
      "shape_type": "rectangle",
      "flags": {}
    },
    {
      "label": "port",
      "points": [
        [
          121.7818,
          467.1028
        ],
        [
          145.697,
          484.4336
        ]
      ],
      "group_id": null,
      "shape_type": "rectangle",
      "flags": {}
    },
    {
      "label": "port",
      "points": [
        [
          116.0167,
          693.9068
        ],
        [
          139.9157,
          711.2324
        ]
      ],
      "group_id": null,
      "shape_type": "rectangle",
      "flags": {}
    },
    {
      "label": "port",
      "points": [
        [
          116.0182,
          727.1226
        ],
        [
          139.9126,
          744.4696
        ]
      ],
      "group_id": null,
      "shape_type": "rectangle",
      "flags": {}
    }
  ],
  "imagePath": "12160.jpg",
  "imageData": null,
  "imageHeight": 996,
  "imageWidth": 1839
}