{
  "version": "5.1.1",
  "flags": {},
  "shapes": [
    {
      "label": "resistor2",
      "points": [
        [
          153.0,
          276.0
        ],
        [
          165.0,
          302.0
        ]
      ],
      "group_id": null,
      "shape_type": "rectangle",
      "flags": {}
    },
    {
      "label": "capacitor",
      "points": [
        [
          47.0,
          119.0
        ],
        [
          67.0,
          126.0
        ]
      ],
      "group_id": null,
      "shape_type": "rectangle",
      "flags": {}
    },
    {
      "label": "capacitor",
      "points": [
        [
          118.0,
          149.0
        ],
        [
          126.0,
          171.0
        ]
      ],
      "group_id": null,
      "shape_type": "rectangle",
      "flags": {}
    },
    {
      "label": "port",
      "points": [
        [
          77.0,
          88.0
        ],
        [
          94.0,
          99.0
        ]
      ],
      "group_id": null,
      "shape_type": "rectangle",
      "flags": {}
    },
    {
      "label": "gnd",
      "points": [
        [
          150.0,
          313.0
        ],
        [
          168.0,
          324.0
        ]
      ],
      "group_id": null,
      "shape_type": "rectangle",
      "flags": {}
    },
    {
      "label": "port",
      "points": [
        [
          49.0,
          88.0
        ],
        [
          66.0,
          99.0
        ]
      ],
      "group_id": null,
      "shape_type": "rectangle",
      "flags": {}
    },
    {
      "label": "resistor2",
      "points": [
        [
          255.0,
          119.0
        ],
        [
          266.0,
          144.0
        ]
      ],
      "group_id": null,
      "shape_type": "rectangle",
      "flags": {}
    },
    {
      "label": "capacitor",
      "points": [
        [
          99.0,
          195.0
        ],
        [
          107.0,
          216.0
        ]
      ],
      "group_id": null,
      "shape_type": "rectangle",
      "flags": {}
    },
    {
      "label": "resistor2",
      "points": [
        [
          310.0,
          119.0
        ],
        [
          322.0,
          144.0
        ]
      ],
      "group_id": null,
      "shape_type": "rectangle",
      "flags": {}
    },
    {
      "label": "gnd",
      "points": [
        [
          113.0,
          248.0
        ],
        [
          131.0,
          259.0
        ]
      ],
      "group_id": null,
      "shape_type": "rectangle",
      "flags": {}
    },
    {
      "label": "cross-line-curved",
      "points": [
        [
          313.0,
          157.0
        ],
        [
          320.0,
          164.0
        ]
      ],
      "group_id": null,
      "shape_type": "rectangle",
      "flags": {}
    },
    {
      "label": "current",
      "points": [
        [
          379.0,
          85.0
        ],
        [
          400.0,
          106.0
        ]
      ],
      "group_id": null,
      "shape_type": "rectangle",
      "flags": {}
    },
    {
      "label": "gnd",
      "points": [
        [
          279.0,
          304.0
        ],
        [
          298.0,
          314.0
        ]
      ],
      "group_id": null,
      "shape_type": "rectangle",
      "flags": {}
    },
    {
      "label": "resistor2",
      "points": [
        [
          116.0,
          211.0
        ],
        [
          128.0,
          237.0
        ]
      ],
      "group_id": null,
      "shape_type": "rectangle",
      "flags": {}
    },
    {
      "label": "resistor2",
      "points": [
        [
          431.0,
          165.0
        ],
        [
          441.0,
          191.0
        ]
      ],
      "group_id": null,
      "shape_type": "rectangle",
      "flags": {}
    },
    {
      "label": "resistor2",
      "points": [
        [
          80.0,
          211.0
        ],
        [
          91.0,
          237.0
        ]
      ],
      "group_id": null,
      "shape_type": "rectangle",
      "flags": {}
    },
    {
      "label": "resistor2",
      "points": [
        [
          107.5992,
          64.1491
        ],
        [
          118.5983,
          89.1461
        ]
      ],
      "group_id": null,
      "shape_type": "rectangle",
      "flags": {}
    },
    {
      "label": "resistor2",
      "points": [
        [
          79.2,
          109.6654
        ],
        [
          90.2002,
          134.6651
        ]
      ],
      "group_id": null,
      "shape_type": "rectangle",
      "flags": {}
    },
    {
      "label": "gnd",
      "points": [
        [
          381.2397,
          118.436
        ],
        [
          397.2075,
          129.4363
        ]
      ],
      "group_id": null,
      "shape_type": "rectangle",
      "flags": {}
    },
    {
      "label": "gnd",
      "points": [
        [
          417.9463,
          201.2536
        ],
        [
          435.9475,
          212.2598
        ]
      ],
      "group_id": null,
      "shape_type": "rectangle",
      "flags": {}
    },
    {
      "label": "port",
      "points": [
        [
          415.7741,
          142.1366
        ],
        [
          436.3319,
          159.1633
        ]
      ],
      "group_id": null,
      "shape_type": "rectangle",
      "flags": {}
    },
    {
      "label": "port",
      "points": [
        [
          377.8815,
          166.2103
        ],
        [
          398.4471,
          185.8943
        ]
      ],
      "group_id": null,
      "shape_type": "rectangle",
      "flags": {}
    },
    {
      "label": "npn",
      "points": [
        [
          313.566,
          180.0229
        ],
        [
          334.7132,
          211.4457
        ]
      ],
      "group_id": null,
      "shape_type": "rectangle",
      "flags": {}
    },
    {
      "label": "npn",
      "points": [
        [
          242.5092,
          181.641
        ],
        [
          263.6468,
          213.0749
        ]
      ],
      "group_id": null,
      "shape_type": "rectangle",
      "flags": {}
    },
    {
      "label": "npn",
      "points": [
        [
          84.1271,
          142.7226
        ],
        [
          105.2702,
          174.148
        ]
      ],
      "group_id": null,
      "shape_type": "rectangle",
      "flags": {}
    },
    {
      "label": "voltage",
      "points": [
        [
          185.0504,
          233.303
        ],
        [
          205.0647,
          253.2939
        ]
      ],
      "group_id": null,
      "shape_type": "rectangle",
      "flags": {}
    },
    {
      "label": "voltage",
      "points": [
        [
          277.3412,
          269.5053
        ],
        [
          297.3544,
          289.497
        ]
      ],
      "group_id": null,
      "shape_type": "rectangle",
      "flags": {}
    },
    {
      "label": "current",
      "points": [
        [
          278.3683,
          232.2878
        ],
        [
          298.3743,
          252.274
        ]
      ],
      "group_id": null,
      "shape_type": "rectangle",
      "flags": {}
    }
  ],
  "imagePath": "12375.jpg",
  "imageData": null,
  "imageHeight": 405,
  "imageWidth": 540
}