{
  "version": "5.1.1",
  "flags": {},
  "shapes": [
    {
      "label": "nmos-bulk",
      "points": [
        [
          234.0,
          302.0
        ],
        [
          253.0,
          329.0
        ]
      ],
      "group_id": null,
      "shape_type": "rectangle",
      "flags": {}
    },
    {
      "label": "voltage",
      "points": [
        [
          58.0,
          348.0
        ],
        [
          78.0,
          368.0
        ]
      ],
      "group_id": null,
      "shape_type": "rectangle",
      "flags": {}
    },
    {
      "label": "gnd",
      "points": [
        [
          454.0,
          211.0
        ],
        [
          475.0,
          223.0
        ]
      ],
      "group_id": null,
      "shape_type": "rectangle",
      "flags": {}
    },
    {
      "label": "resistor",
      "points": [
        [
          460.0,
          153.0
        ],
        [
          471.0,
          176.0
        ]
      ],
      "group_id": null,
      "shape_type": "rectangle",
      "flags": {}
    },
    {
      "label": "resistor",
      "points": [
        [
          246.0,
          134.0
        ],
        [
          258.0,
          162.0
        ]
      ],
      "group_id": null,
      "shape_type": "rectangle",
      "flags": {}
    },
    {
      "label": "resistor",
      "points": [
        [
          99.0,
          310.0
        ],
        [
          127.0,
          322.0
        ]
      ],
      "group_id": null,
      "shape_type": "rectangle",
      "flags": {}
    },
    {
      "label": "resistor",
      "points": [
        [
          246.0,
          227.0
        ],
        [
          258.0,
          256.0
        ]
      ],
      "group_id": null,
      "shape_type": "rectangle",
      "flags": {}
    },
    {
      "label": "gnd",
      "points": [
        [
          241.0,
          346.0
        ],
        [
          262.0,
          357.0
        ]
      ],
      "group_id": null,
      "shape_type": "rectangle",
      "flags": {}
    },
    {
      "label": "gnd",
      "points": [
        [
          58.0,
          400.0
        ],
        [
          80.0,
          413.0
        ]
      ],
      "group_id": null,
      "shape_type": "rectangle",
      "flags": {}
    },
    {
      "label": "pmos-bulk",
      "points": [
        [
          353.0,
          99.0
        ],
        [
          382.0,
          125.0
        ]
      ],
      "group_id": null,
      "shape_type": "rectangle",
      "flags": {}
    },
    {
      "label": "voltage-lines",
      "points": [
        [
          241.0,
          44.0
        ],
        [
          262.0,
          58.0
        ]
      ],
      "group_id": null,
      "shape_type": "rectangle",
      "flags": {}
    },
    {
      "label": "port",
      "points": [
        [
          479.0141,
          158.3275
        ],
        [
          491.0688,
          171.2502
        ]
      ],
      "group_id": null,
      "shape_type": "rectangle",
      "flags": {}
    },
    {
      "label": "diode",
      "points": [
        [
          354.0633,
          81.0
        ],
        [
          367.0456,
          92.803
        ]
      ],
      "group_id": null,
      "shape_type": "rectangle",
      "flags": {}
    },
    {
      "label": "gnd",
      "points": [
        [
          238.9318,
          4.452
        ],
        [
          262.735,
          16.7857
        ]
      ],
      "group_id": null,
      "shape_type": "rectangle",
      "flags": {}
    },
    {
      "label": "port",
      "points": [
        [
          192.1986,
          331.6547
        ],
        [
          206.2234,
          341.8533
        ]
      ],
      "group_id": null,
      "shape_type": "rectangle",
      "flags": {}
    }
  ],
  "imagePath": "12625.jpg",
  "imageData": null,
  "imageHeight": 422,
  "imageWidth": 501
}