{
  "version": "5.1.1",
  "flags": {},
  "shapes": [
    {
      "label": "port",
      "points": [
        [
          23.0,
          204.0
        ],
        [
          30.0,
          212.0
        ]
      ],
      "group_id": null,
      "shape_type": "rectangle",
      "flags": {}
    },
    {
      "label": "resistor",
      "points": [
        [
          256.0,
          73.0
        ],
        [
          276.0,
          84.0
        ]
      ],
      "group_id": null,
      "shape_type": "rectangle",
      "flags": {}
    },
    {
      "label": "resistor",
      "points": [
        [
          127.0,
          108.0
        ],
        [
          147.0,
          118.0
        ]
      ],
      "group_id": null,
      "shape_type": "rectangle",
      "flags": {}
    },
    {
      "label": "resistor",
      "points": [
        [
          223.0,
          155.0
        ],
        [
          234.0,
          175.0
        ]
      ],
      "group_id": null,
      "shape_type": "rectangle",
      "flags": {}
    },
    {
      "label": "resistor",
      "points": [
        [
          168.0,
          146.0
        ],
        [
          178.0,
          166.0
        ]
      ],
      "group_id": null,
      "shape_type": "rectangle",
      "flags": {}
    },
    {
      "label": "resistor",
      "points": [
        [
          306.0,
          155.0
        ],
        [
          316.0,
          176.0
        ]
      ],
      "group_id": null,
      "shape_type": "rectangle",
      "flags": {}
    },
    {
      "label": "resistor",
      "points": [
        [
          223.0,
          34.0
        ],
        [
          234.0,
          54.0
        ]
      ],
      "group_id": null,
      "shape_type": "rectangle",
      "flags": {}
    },
    {
      "label": "pnp",
      "points": [
        [
          299.0982,
          67.8295
        ],
        [
          313.3991,
          89.1762
        ]
      ],
      "group_id": null,
      "shape_type": "rectangle",
      "flags": {}
    },
    {
      "label": "port",
      "points": [
        [
          372.3348,
          119.6755
        ],
        [
          375.4471,
          123.3075
        ]
      ],
      "group_id": null,
      "shape_type": "rectangle",
      "flags": {}
    },
    {
      "label": "port",
      "points": [
        [
          372.8861,
          7.9591
        ],
        [
          378.1085,
          11.3599
        ]
      ],
      "group_id": null,
      "shape_type": "rectangle",
      "flags": {}
    },
    {
      "label": "diode",
      "points": [
        [
          78.7224,
          105.1529
        ],
        [
          92.4282,
          122.8128
        ]
      ],
      "group_id": null,
      "shape_type": "rectangle",
      "flags": {}
    },
    {
      "label": "port",
      "points": [
        [
          22.256,
          109.6387
        ],
        [
          31.4831,
          119.3377
        ]
      ],
      "group_id": null,
      "shape_type": "rectangle",
      "flags": {}
    },
    {
      "label": "gnd",
      "points": [
        [
          217.6267,
          231.511
        ],
        [
          238.184,
          245.3329
        ]
      ],
      "group_id": null,
      "shape_type": "rectangle",
      "flags": {}
    }
  ],
  "imagePath": "12638.jpg",
  "imageData": null,
  "imageHeight": 250,
  "imageWidth": 450
}