{
  "version": "5.1.1",
  "flags": {},
  "shapes": [
    {
      "label": "resistor",
      "points": [
        [
          165.2017,
          132.5694
        ],
        [
          188.0781,
          199.5828
        ]
      ],
      "group_id": null,
      "shape_type": "rectangle",
      "flags": {}
    },
    {
      "label": "port",
      "points": [
        [
          393.5126,
          159.4142
        ],
        [
          409.5215,
          181.1332
        ]
      ],
      "group_id": null,
      "shape_type": "rectangle",
      "flags": {}
    },
    {
      "label": "port",
      "points": [
        [
          394.6636,
          216.2037
        ],
        [
          412.9501,
          232.5923
        ]
      ],
      "group_id": null,
      "shape_type": "rectangle",
      "flags": {}
    },
    {
      "label": "port",
      "points": [
        [
          270.976,
          28.5554
        ],
        [
          288.8924,
          45.3271
        ]
      ],
      "group_id": null,
      "shape_type": "rectangle",
      "flags": {}
    },
    {
      "label": "port",
      "points": [
        [
          168.2536,
          109.7864
        ],
        [
          185.7836,
          127.6933
        ]
      ],
      "group_id": null,
      "shape_type": "rectangle",
      "flags": {}
    },
    {
      "label": "port",
      "points": [
        [
          37.5166,
          233.6693
        ],
        [
          53.9083,
          249.6689
        ]
      ],
      "group_id": null,
      "shape_type": "rectangle",
      "flags": {}
    },
    {
      "label": "port",
      "points": [
        [
          34.8499,
          284.7315
        ],
        [
          57.7105,
          303.7914
        ]
      ],
      "group_id": null,
      "shape_type": "rectangle",
      "flags": {}
    },
    {
      "label": "capacitor",
      "points": [
        [
          342.7858,
          151.2361
        ],
        [
          359.808,
          189.1058
        ]
      ],
      "group_id": null,
      "shape_type": "rectangle",
      "flags": {}
    },
    {
      "label": "capacitor",
      "points": [
        [
          105.6782,
          219.4008
        ],
        [
          125.9811,
          264.9585
        ]
      ],
      "group_id": null,
      "shape_type": "rectangle",
      "flags": {}
    },
    {
      "label": "capacitor",
      "points": [
        [
          213.8099,
          332.4614
        ],
        [
          253.327,
          354.4298
        ]
      ],
      "group_id": null,
      "shape_type": "rectangle",
      "flags": {}
    },
    {
      "label": "gnd",
      "points": [
        [
          15.2106,
          376.6813
        ],
        [
          68.2679,
          397.6448
        ]
      ],
      "group_id": null,
      "shape_type": "rectangle",
      "flags": {}
    },
    {
      "label": "gnd",
      "points": [
        [
          123.2416,
          376.8192
        ],
        [
          180.7686,
          397.4514
        ]
      ],
      "group_id": null,
      "shape_type": "rectangle",
      "flags": {}
    },
    {
      "label": "gnd",
      "points": [
        [
          243.6242,
          407.9455
        ],
        [
          297.6261,
          429.2271
        ]
      ],
      "group_id": null,
      "shape_type": "rectangle",
      "flags": {}
    },
    {
      "label": "gnd",
      "points": [
        [
          372.5147,
          264.8415
        ],
        [
          427.4089,
          288.1791
        ]
      ],
      "group_id": null,
      "shape_type": "rectangle",
      "flags": {}
    },
    {
      "label": "resistor",
      "points": [
        [
          147.5415,
          275.8342
        ],
        [
          170.4169,
          342.8579
        ]
      ],
      "group_id": null,
      "shape_type": "rectangle",
      "flags": {}
    },
    {
      "label": "resistor",
      "points": [
        [
          268.2501,
          305.5251
        ],
        [
          291.1216,
          372.5474
        ]
      ],
      "group_id": null,
      "shape_type": "rectangle",
      "flags": {}
    },
    {
      "label": "npn",
      "points": [
        [
          241.4384,
          216.3959
        ],
        [
          290.9817,
          268.2393
        ]
      ],
      "group_id": null,
      "shape_type": "rectangle",
      "flags": {}
    },
    {
      "label": "resistor",
      "points": [
        [
          265.0104,
          57.6463
        ],
        [
          290.2681,
          121.8697
        ]
      ],
      "group_id": null,
      "shape_type": "rectangle",
      "flags": {}
    }
  ],
  "imagePath": "127.jpg",
  "imageData": null,
  "imageHeight": 438,
  "imageWidth": 440
}