{
  "version": "5.1.1",
  "flags": {},
  "shapes": [
    {
      "label": "port",
      "points": [
        [
          260.4342,
          77.8305
        ],
        [
          269.5353,
          85.0169
        ]
      ],
      "group_id": null,
      "shape_type": "rectangle",
      "flags": {}
    },
    {
      "label": "port",
      "points": [
        [
          83.7153,
          305.4559
        ],
        [
          95.5799,
          313.2095
        ]
      ],
      "group_id": null,
      "shape_type": "rectangle",
      "flags": {}
    },
    {
      "label": "capacitor",
      "points": [
        [
          215.0532,
          267.3242
        ],
        [
          245.3987,
          279.46
        ]
      ],
      "group_id": null,
      "shape_type": "rectangle",
      "flags": {}
    },
    {
      "label": "capacitor",
      "points": [
        [
          199.1398,
          66.6472
        ],
        [
          215.0221,
          97.1056
        ]
      ],
      "group_id": null,
      "shape_type": "rectangle",
      "flags": {}
    },
    {
      "label": "capacitor",
      "points": [
        [
          54.1317,
          115.975
        ],
        [
          68.3793,
          141.7958
        ]
      ],
      "group_id": null,
      "shape_type": "rectangle",
      "flags": {}
    },
    {
      "label": "resistor",
      "points": [
        [
          162.7475,
          24.9898
        ],
        [
          179.9038,
          66.4529
        ]
      ],
      "group_id": null,
      "shape_type": "rectangle",
      "flags": {}
    },
    {
      "label": "resistor",
      "points": [
        [
          90.707,
          47.6083
        ],
        [
          107.8627,
          89.0701
        ]
      ],
      "group_id": null,
      "shape_type": "rectangle",
      "flags": {}
    },
    {
      "label": "resistor",
      "points": [
        [
          234.1818,
          106.7127
        ],
        [
          251.345,
          148.1886
        ]
      ],
      "group_id": null,
      "shape_type": "rectangle",
      "flags": {}
    },
    {
      "label": "resistor",
      "points": [
        [
          161.7316,
          181.0832
        ],
        [
          178.8907,
          222.5521
        ]
      ],
      "group_id": null,
      "shape_type": "rectangle",
      "flags": {}
    },
    {
      "label": "resistor",
      "points": [
        [
          103.0919,
          203.0
        ],
        [
          120.2501,
          244.4893
        ]
      ],
      "group_id": null,
      "shape_type": "rectangle",
      "flags": {}
    },
    {
      "label": "resistor",
      "points": [
        [
          162.2033,
          251.6336
        ],
        [
          179.3692,
          293.1043
        ]
      ],
      "group_id": null,
      "shape_type": "rectangle",
      "flags": {}
    },
    {
      "label": "npn",
      "points": [
        [
          140.7816,
          93.1506
        ],
        [
          175.737,
          162.278
        ]
      ],
      "group_id": null,
      "shape_type": "rectangle",
      "flags": {}
    },
    {
      "label": "gnd",
      "points": [
        [
          231.5563,
          173.5962
        ],
        [
          253.3987,
          189.0861
        ]
      ],
      "group_id": null,
      "shape_type": "rectangle",
      "flags": {}
    },
    {
      "label": "port",
      "points": [
        [
          72.3782,
          6.3809
        ],
        [
          83.135,
          13.5684
        ]
      ],
      "group_id": null,
      "shape_type": "rectangle",
      "flags": {}
    },
    {
      "label": "port",
      "points": [
        [
          23.9367,
          125.4559
        ],
        [
          34.6942,
          133.4557
        ]
      ],
      "group_id": null,
      "shape_type": "rectangle",
      "flags": {}
    }
  ],
  "imagePath": "129.jpg",
  "imageData": null,
  "imageHeight": 317,
  "imageWidth": 301
}