{
  "version": "5.1.1",
  "flags": {},
  "shapes": [
    {
      "label": "nmos",
      "points": [
        [
          215.0,
          63.0
        ],
        [
          266.0,
          128.0
        ]
      ],
      "group_id": null,
      "shape_type": "rectangle",
      "flags": {}
    },
    {
      "label": "port",
      "points": [
        [
          443.0,
          171.0
        ],
        [
          462.0,
          190.0
        ]
      ],
      "group_id": null,
      "shape_type": "rectangle",
      "flags": {}
    },
    {
      "label": "pmos",
      "points": [
        [
          213.0,
          233.0
        ],
        [
          266.0,
          299.0
        ]
      ],
      "group_id": null,
      "shape_type": "rectangle",
      "flags": {}
    },
    {
      "label": "voltage-lines",
      "points": [
        [
          99.0,
          207.0
        ],
        [
          152.0,
          251.0
        ]
      ],
      "group_id": null,
      "shape_type": "rectangle",
      "flags": {}
    },
    {
      "label": "port",
      "points": [
        [
          34.0,
          170.0
        ],
        [
          55.0,
          192.0
        ]
      ],
      "group_id": null,
      "shape_type": "rectangle",
      "flags": {}
    },
    {
      "label": "resistor",
      "points": [
        [
          379.0,
          210.0
        ],
        [
          419.0,
          288.0
        ]
      ],
      "group_id": null,
      "shape_type": "rectangle",
      "flags": {}
    },
    {
      "label": "voltage-lines",
      "points": [
        [
          99.0,
          107.0
        ],
        [
          153.0,
          150.0
        ]
      ],
      "group_id": null,
      "shape_type": "rectangle",
      "flags": {}
    },
    {
      "label": "gnd",
      "points": [
        [
          375.0,
          312.0
        ],
        [
          424.0,
          339.0
        ]
      ],
      "group_id": null,
      "shape_type": "rectangle",
      "flags": {}
    },
    {
      "label": "port",
      "points": [
        [
          253.2701,
          20.7684
        ],
        [
          272.271,
          39.7637
        ]
      ],
      "group_id": null,
      "shape_type": "rectangle",
      "flags": {}
    },
    {
      "label": "port",
      "points": [
        [
          251.8384,
          322.2475
        ],
        [
          270.8336,
          341.2411
        ]
      ],
      "group_id": null,
      "shape_type": "rectangle",
      "flags": {}
    }
  ],
  "imagePath": "book_1_image_346.png",
  "imageData": null,
  "imageHeight": 348,
  "imageWidth": 510
}