{
  "version": "5.1.1",
  "flags": {},
  "shapes": [
    {
      "label": "resistor2",
      "points": [
        [
          318.0,
          295.0
        ],
        [
          332.0,
          325.0
        ]
      ],
      "group_id": null,
      "shape_type": "rectangle",
      "flags": {}
    },
    {
      "label": "resistor2",
      "points": [
        [
          336.0,
          228.0
        ],
        [
          365.0,
          240.0
        ]
      ],
      "group_id": null,
      "shape_type": "rectangle",
      "flags": {}
    },
    {
      "label": "npn",
      "points": [
        [
          293.0,
          162.0
        ],
        [
          307.0,
          189.0
        ]
      ],
      "group_id": null,
      "shape_type": "rectangle",
      "flags": {}
    },
    {
      "label": "npn",
      "points": [
        [
          43.0,
          220.0
        ],
        [
          58.0,
          248.0
        ]
      ],
      "group_id": null,
      "shape_type": "rectangle",
      "flags": {}
    },
    {
      "label": "npn",
      "points": [
        [
          102.0,
          263.0
        ],
        [
          117.0,
          291.0
        ]
      ],
      "group_id": null,
      "shape_type": "rectangle",
      "flags": {}
    },
    {
      "label": "npn",
      "points": [
        [
          263.0,
          296.0
        ],
        [
          281.0,
          325.0
        ]
      ],
      "group_id": null,
      "shape_type": "rectangle",
      "flags": {}
    },
    {
      "label": "npn",
      "points": [
        [
          191.0,
          297.0
        ],
        [
          207.0,
          325.0
        ]
      ],
      "group_id": null,
      "shape_type": "rectangle",
      "flags": {}
    },
    {
      "label": "resistor2",
      "points": [
        [
          231.0,
          339.0
        ],
        [
          244.0,
          368.0
        ]
      ],
      "group_id": null,
      "shape_type": "rectangle",
      "flags": {}
    },
    {
      "label": "npn",
      "points": [
        [
          282.0,
          25.0
        ],
        [
          297.0,
          51.0
        ]
      ],
      "group_id": null,
      "shape_type": "rectangle",
      "flags": {}
    },
    {
      "label": "npn",
      "points": [
        [
          155.0,
          263.0
        ],
        [
          171.0,
          291.0
        ]
      ],
      "group_id": null,
      "shape_type": "rectangle",
      "flags": {}
    },
    {
      "label": "npn",
      "points": [
        [
          274.0,
          220.0
        ],
        [
          289.0,
          248.0
        ]
      ],
      "group_id": null,
      "shape_type": "rectangle",
      "flags": {}
    },
    {
      "label": "port",
      "points": [
        [
          369.0,
          367.0
        ],
        [
          383.0,
          381.0
        ]
      ],
      "group_id": null,
      "shape_type": "rectangle",
      "flags": {}
    },
    {
      "label": "capacitor",
      "points": [
        [
          128.0,
          189.0
        ],
        [
          142.0,
          199.0
        ]
      ],
      "group_id": null,
      "shape_type": "rectangle",
      "flags": {}
    },
    {
      "label": "npn",
      "points": [
        [
          42.0,
          298.0
        ],
        [
          57.0,
          328.0
        ]
      ],
      "group_id": null,
      "shape_type": "rectangle",
      "flags": {}
    },
    {
      "label": "resistor2",
      "points": [
        [
          271.0,
          77.0
        ],
        [
          282.0,
          105.0
        ]
      ],
      "group_id": null,
      "shape_type": "rectangle",
      "flags": {}
    },
    {
      "label": "pnp-cross",
      "points": [
        [
          235.0,
          75.0
        ],
        [
          250.0,
          102.0
        ]
      ],
      "group_id": null,
      "shape_type": "rectangle",
      "flags": {}
    },
    {
      "label": "resistor2",
      "points": [
        [
          318.0,
          193.0
        ],
        [
          332.0,
          223.0
        ]
      ],
      "group_id": null,
      "shape_type": "rectangle",
      "flags": {}
    },
    {
      "label": "resistor2",
      "points": [
        [
          319.0,
          77.0
        ],
        [
          332.0,
          105.0
        ]
      ],
      "group_id": null,
      "shape_type": "rectangle",
      "flags": {}
    },
    {
      "label": "resistor2",
      "points": [
        [
          270.0,
          339.0
        ],
        [
          282.0,
          368.0
        ]
      ],
      "group_id": null,
      "shape_type": "rectangle",
      "flags": {}
    },
    {
      "label": "pnp",
      "points": [
        [
          156.0,
          109.0
        ],
        [
          171.0,
          136.0
        ]
      ],
      "group_id": null,
      "shape_type": "rectangle",
      "flags": {}
    },
    {
      "label": "resistor2",
      "points": [
        [
          188.0,
          64.0
        ],
        [
          201.0,
          92.0
        ]
      ],
      "group_id": null,
      "shape_type": "rectangle",
      "flags": {}
    },
    {
      "label": "capacitor",
      "points": [
        [
          54.0,
          204.0
        ],
        [
          65.0,
          216.0
        ]
      ],
      "group_id": null,
      "shape_type": "rectangle",
      "flags": {}
    },
    {
      "label": "port",
      "points": [
        [
          370.0,
          11.0
        ],
        [
          383.0,
          24.0
        ]
      ],
      "group_id": null,
      "shape_type": "rectangle",
      "flags": {}
    },
    {
      "label": "npn",
      "points": [
        [
          192.0,
          220.0
        ],
        [
          206.0,
          247.0
        ]
      ],
      "group_id": null,
      "shape_type": "rectangle",
      "flags": {}
    },
    {
      "label": "resistor2",
      "points": [
        [
          288.0,
          77.0
        ],
        [
          300.0,
          105.0
        ]
      ],
      "group_id": null,
      "shape_type": "rectangle",
      "flags": {}
    },
    {
      "label": "pnp",
      "points": [
        [
          102.0,
          141.0
        ],
        [
          118.0,
          170.0
        ]
      ],
      "group_id": null,
      "shape_type": "rectangle",
      "flags": {}
    },
    {
      "label": "npn",
      "points": [
        [
          23.0,
          262.0
        ],
        [
          37.0,
          290.0
        ]
      ],
      "group_id": null,
      "shape_type": "rectangle",
      "flags": {}
    },
    {
      "label": "npn",
      "points": [
        [
          312.0,
          337.0
        ],
        [
          328.0,
          365.0
        ]
      ],
      "group_id": null,
      "shape_type": "rectangle",
      "flags": {}
    },
    {
      "label": "port",
      "points": [
        [
          370.0,
          226.0
        ],
        [
          383.0,
          240.0
        ]
      ],
      "group_id": null,
      "shape_type": "rectangle",
      "flags": {}
    },
    {
      "label": "npn",
      "points": [
        [
          225.2661,
          218.71
        ],
        [
          241.3059,
          247.9021
        ]
      ],
      "group_id": null,
      "shape_type": "rectangle",
      "flags": {}
    },
    {
      "label": "npn-cross",
      "points": [
        [
          225.5488,
          296.7629
        ],
        [
          241.5405,
          324.7656
        ]
      ],
      "group_id": null,
      "shape_type": "rectangle",
      "flags": {}
    },
    {
      "label": "npn",
      "points": [
        [
          102.5057,
          339.082
        ],
        [
          117.5003,
          367.0847
        ]
      ],
      "group_id": null,
      "shape_type": "rectangle",
      "flags": {}
    },
    {
      "label": "resistor2",
      "points": [
        [
          70.146,
          204.6815
        ],
        [
          99.1451,
          216.6851
        ]
      ],
      "group_id": null,
      "shape_type": "rectangle",
      "flags": {}
    }
  ],
  "imagePath": "13966.jpg",
  "imageData": null,
  "imageHeight": 388,
  "imageWidth": 425
}