{
  "version": "5.1.1",
  "flags": {},
  "shapes": [
    {
      "label": "pmos-cross",
      "points": [
        [
          1045.0,
          402.0
        ],
        [
          1185.0,
          563.0
        ]
      ],
      "group_id": null,
      "shape_type": "rectangle",
      "flags": {}
    },
    {
      "label": "resistor",
      "points": [
        [
          566.0,
          544.0
        ],
        [
          646.0,
          676.0
        ]
      ],
      "group_id": null,
      "shape_type": "rectangle",
      "flags": {}
    },
    {
      "label": "nmos",
      "points": [
        [
          1370.0,
          1028.0
        ],
        [
          1501.0,
          1180.0
        ]
      ],
      "group_id": null,
      "shape_type": "rectangle",
      "flags": {}
    },
    {
      "label": "pmos",
      "points": [
        [
          589.0,
          331.0
        ],
        [
          728.0,
          488.0
        ]
      ],
      "group_id": null,
      "shape_type": "rectangle",
      "flags": {}
    },
    {
      "label": "port",
      "points": [
        [
          1578.0,
          646.0
        ],
        [
          1635.0,
          689.0
        ]
      ],
      "group_id": null,
      "shape_type": "rectangle",
      "flags": {}
    },
    {
      "label": "current",
      "points": [
        [
          103.0,
          206.0
        ],
        [
          237.0,
          319.0
        ]
      ],
      "group_id": null,
      "shape_type": "rectangle",
      "flags": {}
    },
    {
      "label": "gnd",
      "points": [
        [
          1619.0,
          1235.0
        ],
        [
          1705.0,
          1276.0
        ]
      ],
      "group_id": null,
      "shape_type": "rectangle",
      "flags": {}
    },
    {
      "label": "nmos",
      "points": [
        [
          479.0,
          788.0
        ],
        [
          614.0,
          941.0
        ]
      ],
      "group_id": null,
      "shape_type": "rectangle",
      "flags": {}
    },
    {
      "label": "pmos",
      "points": [
        [
          1369.0,
          406.0
        ],
        [
          1503.0,
          559.0
        ]
      ],
      "group_id": null,
      "shape_type": "rectangle",
      "flags": {}
    },
    {
      "label": "port",
      "points": [
        [
          2130.0,
          928.0
        ],
        [
          2152.0,
          948.0
        ]
      ],
      "group_id": null,
      "shape_type": "rectangle",
      "flags": {}
    },
    {
      "label": "nmos",
      "points": [
        [
          483.0,
          1034.0
        ],
        [
          611.0,
          1187.0
        ]
      ],
      "group_id": null,
      "shape_type": "rectangle",
      "flags": {}
    },
    {
      "label": "nmos",
      "points": [
        [
          162.0,
          1034.0
        ],
        [
          292.0,
          1188.0
        ]
      ],
      "group_id": null,
      "shape_type": "rectangle",
      "flags": {}
    },
    {
      "label": "nmos",
      "points": [
        [
          2078.0,
          334.0
        ],
        [
          2208.0,
          484.0
        ]
      ],
      "group_id": null,
      "shape_type": "rectangle",
      "flags": {}
    },
    {
      "label": "nmos",
      "points": [
        [
          157.0,
          788.0
        ],
        [
          295.0,
          941.0
        ]
      ],
      "group_id": null,
      "shape_type": "rectangle",
      "flags": {}
    },
    {
      "label": "port",
      "points": [
        [
          2242.0,
          399.0
        ],
        [
          2266.0,
          420.0
        ]
      ],
      "group_id": null,
      "shape_type": "rectangle",
      "flags": {}
    },
    {
      "label": "pmos-cross",
      "points": [
        [
          1045.0,
          119.0
        ],
        [
          1184.0,
          278.0
        ]
      ],
      "group_id": null,
      "shape_type": "rectangle",
      "flags": {}
    },
    {
      "label": "pmos",
      "points": [
        [
          587.0,
          117.0
        ],
        [
          726.0,
          276.0
        ]
      ],
      "group_id": null,
      "shape_type": "rectangle",
      "flags": {}
    },
    {
      "label": "nmos",
      "points": [
        [
          1048.0,
          783.0
        ],
        [
          1182.0,
          938.0
        ]
      ],
      "group_id": null,
      "shape_type": "rectangle",
      "flags": {}
    },
    {
      "label": "nmos",
      "points": [
        [
          1051.0,
          1027.0
        ],
        [
          1181.0,
          1180.0
        ]
      ],
      "group_id": null,
      "shape_type": "rectangle",
      "flags": {}
    },
    {
      "label": "resistor",
      "points": [
        [
          131.0,
          597.0
        ],
        [
          210.0,
          729.0
        ]
      ],
      "group_id": null,
      "shape_type": "rectangle",
      "flags": {}
    },
    {
      "label": "nmos",
      "points": [
        [
          1371.0,
          781.0
        ],
        [
          1502.0,
          937.0
        ]
      ],
      "group_id": null,
      "shape_type": "rectangle",
      "flags": {}
    },
    {
      "label": "nmos",
      "points": [
        [
          1964.0,
          862.0
        ],
        [
          2092.0,
          1016.0
        ]
      ],
      "group_id": null,
      "shape_type": "rectangle",
      "flags": {}
    },
    {
      "label": "nmos",
      "points": [
        [
          1728.0,
          336.0
        ],
        [
          1858.0,
          486.0
        ]
      ],
      "group_id": null,
      "shape_type": "rectangle",
      "flags": {}
    },
    {
      "label": "pmos",
      "points": [
        [
          1370.0,
          115.0
        ],
        [
          1502.0,
          272.0
        ]
      ],
      "group_id": null,
      "shape_type": "rectangle",
      "flags": {}
    },
    {
      "label": "vdd",
      "points": [
        [
          585.5511,
          99.1816
        ],
        [
          622.0147,
          113.8844
        ]
      ],
      "group_id": null,
      "shape_type": "rectangle",
      "flags": {}
    },
    {
      "label": "vdd",
      "points": [
        [
          1040.073,
          98.9524
        ],
        [
          1076.5373,
          113.651
        ]
      ],
      "group_id": null,
      "shape_type": "rectangle",
      "flags": {}
    },
    {
      "label": "port",
      "points": [
        [
          1675.2008,
          405.4033
        ],
        [
          1683.8564,
          414.178
        ]
      ],
      "group_id": null,
      "shape_type": "rectangle",
      "flags": {}
    }
  ],
  "imagePath": "13973.jpg",
  "imageData": null,
  "imageHeight": 1302,
  "imageWidth": 2321
}