{
  "version": "5.1.1",
  "flags": {},
  "shapes": [
    {
      "label": "resistor2",
      "points": [
        [
          36.0,
          35.0
        ],
        [
          56.0,
          74.0
        ]
      ],
      "group_id": null,
      "shape_type": "rectangle",
      "flags": {}
    },
    {
      "label": "resistor2",
      "points": [
        [
          483.0,
          150.0
        ],
        [
          521.0,
          169.0
        ]
      ],
      "group_id": null,
      "shape_type": "rectangle",
      "flags": {}
    },
    {
      "label": "npn",
      "points": [
        [
          256.0,
          224.0
        ],
        [
          291.0,
          259.0
        ]
      ],
      "group_id": null,
      "shape_type": "rectangle",
      "flags": {}
    },
    {
      "label": "resistor2",
      "points": [
        [
          619.154,
          292.9991
        ],
        [
          640.1506,
          331.9956
        ]
      ],
      "group_id": null,
      "shape_type": "rectangle",
      "flags": {}
    },
    {
      "label": "resistor2",
      "points": [
        [
          563.0,
          177.0
        ],
        [
          602.0,
          195.0
        ]
      ],
      "group_id": null,
      "shape_type": "rectangle",
      "flags": {}
    },
    {
      "label": "port",
      "points": [
        [
          694.0,
          231.0
        ],
        [
          710.0,
          247.0
        ]
      ],
      "group_id": null,
      "shape_type": "rectangle",
      "flags": {}
    },
    {
      "label": "resistor2",
      "points": [
        [
          528.0,
          196.0
        ],
        [
          548.0,
          234.0
        ]
      ],
      "group_id": null,
      "shape_type": "rectangle",
      "flags": {}
    },
    {
      "label": "resistor2",
      "points": [
        [
          382.0,
          38.0
        ],
        [
          401.0,
          78.0
        ]
      ],
      "group_id": null,
      "shape_type": "rectangle",
      "flags": {}
    },
    {
      "label": "npn",
      "points": [
        [
          256.0,
          85.0
        ],
        [
          291.0,
          124.0
        ]
      ],
      "group_id": null,
      "shape_type": "rectangle",
      "flags": {}
    },
    {
      "label": "pnp",
      "points": [
        [
          359.0,
          88.0
        ],
        [
          395.0,
          121.0
        ]
      ],
      "group_id": null,
      "shape_type": "rectangle",
      "flags": {}
    },
    {
      "label": "resistor2",
      "points": [
        [
          383.0,
          536.0
        ],
        [
          402.0,
          574.0
        ]
      ],
      "group_id": null,
      "shape_type": "rectangle",
      "flags": {}
    },
    {
      "label": "resistor2",
      "points": [
        [
          382.0,
          307.0
        ],
        [
          403.0,
          346.0
        ]
      ],
      "group_id": null,
      "shape_type": "rectangle",
      "flags": {}
    },
    {
      "label": "npn",
      "points": [
        [
          427.0,
          166.0
        ],
        [
          462.0,
          206.0
        ]
      ],
      "group_id": null,
      "shape_type": "rectangle",
      "flags": {}
    },
    {
      "label": "port",
      "points": [
        [
          695.0,
          16.0
        ],
        [
          711.0,
          33.0
        ]
      ],
      "group_id": null,
      "shape_type": "rectangle",
      "flags": {}
    },
    {
      "label": "diode",
      "points": [
        [
          33.0,
          378.0
        ],
        [
          58.0,
          402.0
        ]
      ],
      "group_id": null,
      "shape_type": "rectangle",
      "flags": {}
    },
    {
      "label": "npn",
      "points": [
        [
          190.0,
          487.0
        ],
        [
          225.0,
          527.0
        ]
      ],
      "group_id": null,
      "shape_type": "rectangle",
      "flags": {}
    },
    {
      "label": "npn",
      "points": [
        [
          162.0,
          247.0
        ],
        [
          195.0,
          285.0
        ]
      ],
      "group_id": null,
      "shape_type": "rectangle",
      "flags": {}
    },
    {
      "label": "resistor2",
      "points": [
        [
          183.0,
          372.0
        ],
        [
          204.0,
          412.0
        ]
      ],
      "group_id": null,
      "shape_type": "rectangle",
      "flags": {}
    },
    {
      "label": "resistor2",
      "points": [
        [
          302.0,
          536.0
        ],
        [
          321.0,
          574.0
        ]
      ],
      "group_id": null,
      "shape_type": "rectangle",
      "flags": {}
    },
    {
      "label": "npn",
      "points": [
        [
          255.0,
          274.0
        ],
        [
          289.0,
          312.0
        ]
      ],
      "group_id": null,
      "shape_type": "rectangle",
      "flags": {}
    },
    {
      "label": "resistor2",
      "points": [
        [
          88.0,
          282.0
        ],
        [
          109.0,
          320.0
        ]
      ],
      "group_id": null,
      "shape_type": "rectangle",
      "flags": {}
    },
    {
      "label": "npn",
      "points": [
        [
          360.0,
          447.0
        ],
        [
          395.0,
          484.0
        ]
      ],
      "group_id": null,
      "shape_type": "rectangle",
      "flags": {}
    },
    {
      "label": "resistor2",
      "points": [
        [
          89.0,
          195.0
        ],
        [
          110.0,
          233.0
        ]
      ],
      "group_id": null,
      "shape_type": "rectangle",
      "flags": {}
    },
    {
      "label": "resistor2",
      "points": [
        [
          89.0,
          373.0
        ],
        [
          111.0,
          413.0
        ]
      ],
      "group_id": null,
      "shape_type": "rectangle",
      "flags": {}
    },
    {
      "label": "resistor2",
      "points": [
        [
          461.0,
          39.0
        ],
        [
          481.0,
          79.0
        ]
      ],
      "group_id": null,
      "shape_type": "rectangle",
      "flags": {}
    },
    {
      "label": "gnd",
      "points": [
        [
          614.0,
          599.0
        ],
        [
          647.0,
          610.0
        ]
      ],
      "group_id": null,
      "shape_type": "rectangle",
      "flags": {}
    },
    {
      "label": "npn",
      "points": [
        [
          411.0,
          487.0
        ],
        [
          448.0,
          527.0
        ]
      ],
      "group_id": null,
      "shape_type": "rectangle",
      "flags": {}
    },
    {
      "label": "resistor2",
      "points": [
        [
          303.0,
          308.0
        ],
        [
          322.0,
          346.0
        ]
      ],
      "group_id": null,
      "shape_type": "rectangle",
      "flags": {}
    },
    {
      "label": "resistor2",
      "points": [
        [
          302.0,
          374.0
        ],
        [
          322.0,
          413.0
        ]
      ],
      "group_id": null,
      "shape_type": "rectangle",
      "flags": {}
    },
    {
      "label": "npn",
      "points": [
        [
          226.0,
          407.0
        ],
        [
          262.0,
          447.0
        ]
      ],
      "group_id": null,
      "shape_type": "rectangle",
      "flags": {}
    },
    {
      "label": "npn",
      "points": [
        [
          598.0,
          141.0
        ],
        [
          632.0,
          185.0
        ]
      ],
      "group_id": null,
      "shape_type": "rectangle",
      "flags": {}
    },
    {
      "label": "resistor2",
      "points": [
        [
          249.0,
          535.0
        ],
        [
          269.0,
          573.0
        ]
      ],
      "group_id": null,
      "shape_type": "rectangle",
      "flags": {}
    },
    {
      "label": "pnp",
      "points": [
        [
          465.0,
          341.0
        ],
        [
          500.0,
          379.0
        ]
      ],
      "group_id": null,
      "shape_type": "rectangle",
      "flags": {}
    },
    {
      "label": "pnp",
      "points": [
        [
          256.0,
          86.0
        ],
        [
          290.0,
          124.0
        ]
      ],
      "group_id": null,
      "shape_type": "rectangle",
      "flags": {}
    },
    {
      "label": "npn",
      "points": [
        [
          308.0,
          248.0
        ],
        [
          341.0,
          285.0
        ]
      ],
      "group_id": null,
      "shape_type": "rectangle",
      "flags": {}
    },
    {
      "label": "diode",
      "points": [
        [
          460.0,
          88.0
        ],
        [
          482.0,
          111.0
        ]
      ],
      "group_id": null,
      "shape_type": "rectangle",
      "flags": {}
    },
    {
      "label": "resistor2",
      "points": [
        [
          620.0,
          197.0
        ],
        [
          640.0,
          235.0
        ]
      ],
      "group_id": null,
      "shape_type": "rectangle",
      "flags": {}
    },
    {
      "label": "npn",
      "points": [
        [
          279.0,
          487.0
        ],
        [
          314.0,
          525.0
        ]
      ],
      "group_id": null,
      "shape_type": "rectangle",
      "flags": {}
    },
    {
      "label": "resistor2",
      "points": [
        [
          91.0,
          37.0
        ],
        [
          111.0,
          76.0
        ]
      ],
      "group_id": null,
      "shape_type": "rectangle",
      "flags": {}
    },
    {
      "label": "npn",
      "points": [
        [
          66.0,
          125.0
        ],
        [
          102.0,
          166.0
        ]
      ],
      "group_id": null,
      "shape_type": "rectangle",
      "flags": {}
    },
    {
      "label": "npn",
      "points": [
        [
          320.0,
          152.0
        ],
        [
          354.0,
          191.0
        ]
      ],
      "group_id": null,
      "shape_type": "rectangle",
      "flags": {}
    },
    {
      "label": "capacitor",
      "points": [
        [
          344.0,
          413.0
        ],
        [
          362.0,
          443.0
        ]
      ],
      "group_id": null,
      "shape_type": "rectangle",
      "flags": {}
    },
    {
      "label": "npn",
      "points": [
        [
          507.0,
          112.0
        ],
        [
          540.0,
          150.0
        ]
      ],
      "group_id": null,
      "shape_type": "rectangle",
      "flags": {}
    },
    {
      "label": "pnp",
      "points": [
        [
          190.0,
          487.0
        ],
        [
          225.0,
          527.0
        ]
      ],
      "group_id": null,
      "shape_type": "rectangle",
      "flags": {}
    },
    {
      "label": "resistor2",
      "points": [
        [
          619.0,
          453.0
        ],
        [
          642.0,
          493.0
        ]
      ],
      "group_id": null,
      "shape_type": "rectangle",
      "flags": {}
    },
    {
      "label": "resistor2",
      "points": [
        [
          249.0,
          38.0
        ],
        [
          269.0,
          78.0
        ]
      ],
      "group_id": null,
      "shape_type": "rectangle",
      "flags": {}
    }
  ],
  "imagePath": "13977.jpg",
  "imageData": null,
  "imageHeight": 625,
  "imageWidth": 755
}