{
  "version": "5.1.1",
  "flags": {},
  "shapes": [
    {
      "label": "pmos-bulk",
      "points": [
        [
          1809.0,
          693.0
        ],
        [
          1897.0,
          825.0
        ]
      ],
      "group_id": null,
      "shape_type": "rectangle",
      "flags": {}
    },
    {
      "label": "nmos-bulk",
      "points": [
        [
          1878.0,
          1009.0
        ],
        [
          1963.0,
          1135.0
        ]
      ],
      "group_id": null,
      "shape_type": "rectangle",
      "flags": {}
    },
    {
      "label": "gnd",
      "points": [
        [
          1505.0,
          1331.0
        ],
        [
          1640.0,
          1384.0
        ]
      ],
      "group_id": null,
      "shape_type": "rectangle",
      "flags": {}
    },
    {
      "label": "port",
      "points": [
        [
          51.0,
          651.0
        ],
        [
          85.0,
          687.0
        ]
      ],
      "group_id": null,
      "shape_type": "rectangle",
      "flags": {}
    },
    {
      "label": "nmos-bulk",
      "points": [
        [
          2214.0,
          1006.0
        ],
        [
          2303.0,
          1134.0
        ]
      ],
      "group_id": null,
      "shape_type": "rectangle",
      "flags": {}
    },
    {
      "label": "port",
      "points": [
        [
          2090.0,
          739.0
        ],
        [
          2126.0,
          777.0
        ]
      ],
      "group_id": null,
      "shape_type": "rectangle",
      "flags": {}
    },
    {
      "label": "pmos-bulk",
      "points": [
        [
          2218.0,
          230.0
        ],
        [
          2302.0,
          363.0
        ]
      ],
      "group_id": null,
      "shape_type": "rectangle",
      "flags": {}
    },
    {
      "label": "nmos-bulk",
      "points": [
        [
          1492.0,
          1008.0
        ],
        [
          1580.0,
          1137.0
        ]
      ],
      "group_id": null,
      "shape_type": "rectangle",
      "flags": {}
    },
    {
      "label": "pmos-bulk",
      "points": [
        [
          1491.0,
          491.0
        ],
        [
          1581.0,
          623.0
        ]
      ],
      "group_id": null,
      "shape_type": "rectangle",
      "flags": {}
    },
    {
      "label": "nmos-bulk",
      "points": [
        [
          810.0,
          1007.0
        ],
        [
          897.0,
          1136.0
        ]
      ],
      "group_id": null,
      "shape_type": "rectangle",
      "flags": {}
    },
    {
      "label": "port",
      "points": [
        [
          1399.0,
          697.0
        ],
        [
          1437.0,
          736.0
        ]
      ],
      "group_id": null,
      "shape_type": "rectangle",
      "flags": {}
    },
    {
      "label": "current",
      "points": [
        [
          755.0,
          582.0
        ],
        [
          891.0,
          714.0
        ]
      ],
      "group_id": null,
      "shape_type": "rectangle",
      "flags": {}
    },
    {
      "label": "nmos-bulk",
      "points": [
        [
          462.0,
          1006.0
        ],
        [
          553.0,
          1137.0
        ]
      ],
      "group_id": null,
      "shape_type": "rectangle",
      "flags": {}
    },
    {
      "label": "cross-line-curved",
      "points": [
        [
          1176.0,
          926.0
        ],
        [
          1275.0,
          989.0
        ]
      ],
      "group_id": null,
      "shape_type": "rectangle",
      "flags": {}
    },
    {
      "label": "cross-line-curved",
      "points": [
        [
          1517.0,
          196.0
        ],
        [
          1621.0,
          267.0
        ]
      ],
      "group_id": null,
      "shape_type": "rectangle",
      "flags": {}
    },
    {
      "label": "cross-line-curved",
      "points": [
        [
          1834.0,
          511.0
        ],
        [
          1936.0,
          578.0
        ]
      ],
      "group_id": null,
      "shape_type": "rectangle",
      "flags": {}
    },
    {
      "label": "pmos-bulk",
      "points": [
        [
          466.0,
          493.0
        ],
        [
          551.0,
          621.0
        ]
      ],
      "group_id": null,
      "shape_type": "rectangle",
      "flags": {}
    },
    {
      "label": "cross-line-curved",
      "points": [
        [
          1842.0,
          198.0
        ],
        [
          1941.0,
          265.0
        ]
      ],
      "group_id": null,
      "shape_type": "rectangle",
      "flags": {}
    },
    {
      "label": "capacitor",
      "points": [
        [
          240.0,
          579.0
        ],
        [
          309.0,
          762.0
        ]
      ],
      "group_id": null,
      "shape_type": "rectangle",
      "flags": {}
    },
    {
      "label": "nmos-bulk",
      "points": [
        [
          1145.0,
          1008.0
        ],
        [
          1232.0,
          1135.0
        ]
      ],
      "group_id": null,
      "shape_type": "rectangle",
      "flags": {}
    },
    {
      "label": "pmos-bulk",
      "points": [
        [
          1206.0,
          229.0
        ],
        [
          1293.0,
          357.0
        ]
      ],
      "group_id": null,
      "shape_type": "rectangle",
      "flags": {}
    },
    {
      "label": "cross-line-curved",
      "points": [
        [
          779.0,
          468.0
        ],
        [
          878.0,
          531.0
        ]
      ],
      "group_id": null,
      "shape_type": "rectangle",
      "flags": {}
    },
    {
      "label": "vdd",
      "points": [
        [
          787.5818,
          108.5016
        ],
        [
          856.4038,
          136.8058
        ]
      ],
      "group_id": null,
      "shape_type": "rectangle",
      "flags": {}
    },
    {
      "label": "vdd",
      "points": [
        [
          1183.2393,
          106.8011
        ],
        [
          1252.0532,
          135.1026
        ]
      ],
      "group_id": null,
      "shape_type": "rectangle",
      "flags": {}
    },
    {
      "label": "vdd",
      "points": [
        [
          1532.9591,
          108.5031
        ],
        [
          1601.7717,
          136.8026
        ]
      ],
      "group_id": null,
      "shape_type": "rectangle",
      "flags": {}
    },
    {
      "label": "vdd",
      "points": [
        [
          1849.4854,
          107.6574
        ],
        [
          1918.3031,
          135.9522
        ]
      ],
      "group_id": null,
      "shape_type": "rectangle",
      "flags": {}
    }
  ],
  "imagePath": "14005.jpg",
  "imageData": null,
  "imageHeight": 1408,
  "imageWidth": 2459
}