{
  "version": "5.1.1",
  "flags": {},
  "shapes": [
    {
      "label": "pmos",
      "points": [
        [
          758.0,
          335.0
        ],
        [
          927.0,
          580.0
        ]
      ],
      "group_id": null,
      "shape_type": "rectangle",
      "flags": {}
    },
    {
      "label": "nmos",
      "points": [
        [
          1451.0,
          852.0
        ],
        [
          1623.0,
          1095.0
        ]
      ],
      "group_id": null,
      "shape_type": "rectangle",
      "flags": {}
    },
    {
      "label": "pmos",
      "points": [
        [
          2077.0,
          97.0
        ],
        [
          2239.0,
          345.0
        ]
      ],
      "group_id": null,
      "shape_type": "rectangle",
      "flags": {}
    },
    {
      "label": "pmos",
      "points": [
        [
          1234.0,
          99.0
        ],
        [
          1400.0,
          345.0
        ]
      ],
      "group_id": null,
      "shape_type": "rectangle",
      "flags": {}
    },
    {
      "label": "nmos",
      "points": [
        [
          1236.0,
          858.0
        ],
        [
          1410.0,
          1098.0
        ]
      ],
      "group_id": null,
      "shape_type": "rectangle",
      "flags": {}
    },
    {
      "label": "pmos",
      "points": [
        [
          90.0,
          331.0
        ],
        [
          254.0,
          571.0
        ]
      ],
      "group_id": null,
      "shape_type": "rectangle",
      "flags": {}
    },
    {
      "label": "nmos",
      "points": [
        [
          653.0,
          917.0
        ],
        [
          829.0,
          1161.0
        ]
      ],
      "group_id": null,
      "shape_type": "rectangle",
      "flags": {}
    },
    {
      "label": "nmos",
      "points": [
        [
          981.0,
          1032.0
        ],
        [
          1153.0,
          1276.0
        ]
      ],
      "group_id": null,
      "shape_type": "rectangle",
      "flags": {}
    },
    {
      "label": "nmos",
      "points": [
        [
          329.0,
          772.0
        ],
        [
          504.0,
          1009.0
        ]
      ],
      "group_id": null,
      "shape_type": "rectangle",
      "flags": {}
    },
    {
      "label": "pmos",
      "points": [
        [
          1582.0,
          102.0
        ],
        [
          1749.0,
          345.0
        ]
      ],
      "group_id": null,
      "shape_type": "rectangle",
      "flags": {}
    },
    {
      "label": "gnd",
      "points": [
        [
          362.0,
          1394.0
        ],
        [
          471.0,
          1472.0
        ]
      ],
      "group_id": null,
      "shape_type": "rectangle",
      "flags": {}
    },
    {
      "label": "nmos",
      "points": [
        [
          1916.0,
          1055.0
        ],
        [
          2095.0,
          1293.0
        ]
      ],
      "group_id": null,
      "shape_type": "rectangle",
      "flags": {}
    },
    {
      "label": "pmos",
      "points": [
        [
          1791.0,
          100.0
        ],
        [
          1950.0,
          345.0
        ]
      ],
      "group_id": null,
      "shape_type": "rectangle",
      "flags": {}
    },
    {
      "label": "nmos",
      "points": [
        [
          95.0,
          1084.0
        ],
        [
          268.0,
          1326.0
        ]
      ],
      "group_id": null,
      "shape_type": "rectangle",
      "flags": {}
    },
    {
      "label": "pmos",
      "points": [
        [
          339.0,
          330.0
        ],
        [
          506.0,
          568.0
        ]
      ],
      "group_id": null,
      "shape_type": "rectangle",
      "flags": {}
    },
    {
      "label": "port",
      "points": [
        [
          2339.8417,
          216.5809
        ],
        [
          2354.1816,
          234.8033
        ]
      ],
      "group_id": null,
      "shape_type": "rectangle",
      "flags": {}
    },
    {
      "label": "port",
      "points": [
        [
          862.1867,
          1149.3464
        ],
        [
          876.5217,
          1167.5785
        ]
      ],
      "group_id": null,
      "shape_type": "rectangle",
      "flags": {}
    },
    {
      "label": "port",
      "points": [
        [
          543.9466,
          1033.3139
        ],
        [
          558.2802,
          1051.5462
        ]
      ],
      "group_id": null,
      "shape_type": "rectangle",
      "flags": {}
    },
    {
      "label": "port",
      "points": [
        [
          372.4613,
          1201.2703
        ],
        [
          386.8053,
          1219.5034
        ]
      ],
      "group_id": null,
      "shape_type": "rectangle",
      "flags": {}
    },
    {
      "label": "port",
      "points": [
        [
          1482.3345,
          216.8979
        ],
        [
          1496.6743,
          235.1229
        ]
      ],
      "group_id": null,
      "shape_type": "rectangle",
      "flags": {}
    },
    {
      "label": "port",
      "points": [
        [
          100.9544,
          137.951
        ],
        [
          115.2978,
          156.189
        ]
      ],
      "group_id": null,
      "shape_type": "rectangle",
      "flags": {}
    },
    {
      "label": "port",
      "points": [
        [
          476.4846,
          109.5702
        ],
        [
          490.8223,
          127.8011
        ]
      ],
      "group_id": null,
      "shape_type": "rectangle",
      "flags": {}
    },
    {
      "label": "port",
      "points": [
        [
          1248.5975,
          1278.7623
        ],
        [
          1262.9348,
          1296.9953
        ]
      ],
      "group_id": null,
      "shape_type": "rectangle",
      "flags": {}
    },
    {
      "label": "port",
      "points": [
        [
          1596.3705,
          1270.5522
        ],
        [
          1610.7127,
          1288.7857
        ]
      ],
      "group_id": null,
      "shape_type": "rectangle",
      "flags": {}
    }
  ],
  "imagePath": "14034.jpg",
  "imageData": null,
  "imageHeight": 1490,
  "imageWidth": 2368
}