{
  "version": "5.1.1",
  "flags": {},
  "shapes": [
    {
      "label": "nmos-cross",
      "points": [
        [
          156.0,
          365.0
        ],
        [
          203.0,
          426.0
        ]
      ],
      "group_id": null,
      "shape_type": "rectangle",
      "flags": {}
    },
    {
      "label": "nmos",
      "points": [
        [
          645.0,
          364.0
        ],
        [
          693.0,
          426.0
        ]
      ],
      "group_id": null,
      "shape_type": "rectangle",
      "flags": {}
    },
    {
      "label": "port",
      "points": [
        [
          838.0,
          325.0
        ],
        [
          857.0,
          344.0
        ]
      ],
      "group_id": null,
      "shape_type": "rectangle",
      "flags": {}
    },
    {
      "label": "port",
      "points": [
        [
          57.0,
          257.0
        ],
        [
          76.0,
          276.0
        ]
      ],
      "group_id": null,
      "shape_type": "rectangle",
      "flags": {}
    },
    {
      "label": "port",
      "points": [
        [
          57.0,
          345.0
        ],
        [
          75.0,
          364.0
        ]
      ],
      "group_id": null,
      "shape_type": "rectangle",
      "flags": {}
    },
    {
      "label": "pmos",
      "points": [
        [
          520.0,
          176.0
        ],
        [
          567.0,
          237.0
        ]
      ],
      "group_id": null,
      "shape_type": "rectangle",
      "flags": {}
    },
    {
      "label": "cross-line-curved",
      "points": [
        [
          189.0,
          345.0
        ],
        [
          208.0,
          357.0
        ]
      ],
      "group_id": null,
      "shape_type": "rectangle",
      "flags": {}
    },
    {
      "label": "pmos",
      "points": [
        [
          320.0,
          78.0
        ],
        [
          368.0,
          141.0
        ]
      ],
      "group_id": null,
      "shape_type": "rectangle",
      "flags": {}
    },
    {
      "label": "nmos",
      "points": [
        [
          242.0,
          235.0
        ],
        [
          291.0,
          297.0
        ]
      ],
      "group_id": null,
      "shape_type": "rectangle",
      "flags": {}
    },
    {
      "label": "nmos",
      "points": [
        [
          106.0,
          236.0
        ],
        [
          155.0,
          297.0
        ]
      ],
      "group_id": null,
      "shape_type": "rectangle",
      "flags": {}
    },
    {
      "label": "single-end-amp",
      "points": [
        [
          877.0,
          229.0
        ],
        [
          1016.0,
          368.0
        ]
      ],
      "group_id": null,
      "shape_type": "rectangle",
      "flags": {}
    },
    {
      "label": "port",
      "points": [
        [
          704.0,
          452.0
        ],
        [
          715.0,
          463.0
        ]
      ],
      "group_id": null,
      "shape_type": "rectangle",
      "flags": {}
    },
    {
      "label": "port",
      "points": [
        [
          728.0,
          258.0
        ],
        [
          745.0,
          276.0
        ]
      ],
      "group_id": null,
      "shape_type": "rectangle",
      "flags": {}
    },
    {
      "label": "pmos",
      "points": [
        [
          405.0,
          79.0
        ],
        [
          453.0,
          140.0
        ]
      ],
      "group_id": null,
      "shape_type": "rectangle",
      "flags": {}
    },
    {
      "label": "port",
      "points": [
        [
          1030.0,
          292.0
        ],
        [
          1048.0,
          310.0
        ]
      ],
      "group_id": null,
      "shape_type": "rectangle",
      "flags": {}
    },
    {
      "label": "port",
      "points": [
        [
          838.0,
          259.0
        ],
        [
          856.0,
          278.0
        ]
      ],
      "group_id": null,
      "shape_type": "rectangle",
      "flags": {}
    },
    {
      "label": "port",
      "points": [
        [
          109.5484,
          446.6965
        ],
        [
          127.5447,
          465.6977
        ]
      ],
      "group_id": null,
      "shape_type": "rectangle",
      "flags": {}
    },
    {
      "label": "vdd",
      "points": [
        [
          317.465,
          43.8801
        ],
        [
          332.6246,
          59.0482
        ]
      ],
      "group_id": null,
      "shape_type": "rectangle",
      "flags": {}
    },
    {
      "label": "port",
      "points": [
        [
          108.9612,
          381.3859
        ],
        [
          126.9695,
          400.3819
        ]
      ],
      "group_id": null,
      "shape_type": "rectangle",
      "flags": {}
    },
    {
      "label": "vdd",
      "points": [
        [
          439.3238,
          44.4627
        ],
        [
          454.4828,
          59.6201
        ]
      ],
      "group_id": null,
      "shape_type": "rectangle",
      "flags": {}
    },
    {
      "label": "vdd",
      "points": [
        [
          556.5153,
          44.457
        ],
        [
          571.6776,
          59.6185
        ]
      ],
      "group_id": null,
      "shape_type": "rectangle",
      "flags": {}
    }
  ],
  "imagePath": "book_1_image_356.png",
  "imageData": null,
  "imageHeight": 510,
  "imageWidth": 1068
}