{
  "version": "5.1.1",
  "flags": {},
  "shapes": [
    {
      "label": "npn-cross",
      "points": [
        [
          206.0,
          151.0
        ],
        [
          225.0,
          181.0
        ]
      ],
      "group_id": null,
      "shape_type": "rectangle",
      "flags": {}
    },
    {
      "label": "pmos",
      "points": [
        [
          135.0,
          37.0
        ],
        [
          165.0,
          71.0
        ]
      ],
      "group_id": null,
      "shape_type": "rectangle",
      "flags": {}
    },
    {
      "label": "nmos",
      "points": [
        [
          135.0,
          97.0
        ],
        [
          160.0,
          133.0
        ]
      ],
      "group_id": null,
      "shape_type": "rectangle",
      "flags": {}
    },
    {
      "label": "resistor",
      "points": [
        [
          356.0,
          179.0
        ],
        [
          371.0,
          206.0
        ]
      ],
      "group_id": null,
      "shape_type": "rectangle",
      "flags": {}
    },
    {
      "label": "npn",
      "points": [
        [
          52.0,
          150.0
        ],
        [
          72.0,
          180.0
        ]
      ],
      "group_id": null,
      "shape_type": "rectangle",
      "flags": {}
    },
    {
      "label": "cross-line-curved",
      "points": [
        [
          203.0,
          89.0
        ],
        [
          211.0,
          95.0
        ]
      ],
      "group_id": null,
      "shape_type": "rectangle",
      "flags": {}
    },
    {
      "label": "resistor",
      "points": [
        [
          128.0,
          193.0
        ],
        [
          143.0,
          219.0
        ]
      ],
      "group_id": null,
      "shape_type": "rectangle",
      "flags": {}
    },
    {
      "label": "nmos",
      "points": [
        [
          78.0,
          68.0
        ],
        [
          113.0,
          94.0
        ]
      ],
      "group_id": null,
      "shape_type": "rectangle",
      "flags": {}
    },
    {
      "label": "port",
      "points": [
        [
          374.0,
          236.0
        ],
        [
          380.0,
          242.0
        ]
      ],
      "group_id": null,
      "shape_type": "rectangle",
      "flags": {}
    },
    {
      "label": "cross-line-curved",
      "points": [
        [
          132.0,
          161.0
        ],
        [
          140.0,
          167.0
        ]
      ],
      "group_id": null,
      "shape_type": "rectangle",
      "flags": {}
    },
    {
      "label": "pmos-cross",
      "points": [
        [
          278.0,
          35.0
        ],
        [
          310.0,
          70.0
        ]
      ],
      "group_id": null,
      "shape_type": "rectangle",
      "flags": {}
    },
    {
      "label": "cross-line-curved",
      "points": [
        [
          177.0,
          14.0
        ],
        [
          186.0,
          21.0
        ]
      ],
      "group_id": null,
      "shape_type": "rectangle",
      "flags": {}
    },
    {
      "label": "port",
      "points": [
        [
          35.0,
          13.0
        ],
        [
          48.0,
          23.0
        ]
      ],
      "group_id": null,
      "shape_type": "rectangle",
      "flags": {}
    },
    {
      "label": "cross-line-curved",
      "points": [
        [
          389.0,
          13.0
        ],
        [
          399.0,
          21.0
        ]
      ],
      "group_id": null,
      "shape_type": "rectangle",
      "flags": {}
    },
    {
      "label": "cross-line-curved",
      "points": [
        [
          203.0,
          135.0
        ],
        [
          211.0,
          141.0
        ]
      ],
      "group_id": null,
      "shape_type": "rectangle",
      "flags": {}
    },
    {
      "label": "port",
      "points": [
        [
          393.0,
          150.0
        ],
        [
          401.0,
          158.0
        ]
      ],
      "group_id": null,
      "shape_type": "rectangle",
      "flags": {}
    },
    {
      "label": "pmos",
      "points": [
        [
          396.0,
          35.0
        ],
        [
          427.0,
          71.0
        ]
      ],
      "group_id": null,
      "shape_type": "rectangle",
      "flags": {}
    },
    {
      "label": "cross-line-curved",
      "points": [
        [
          203.0,
          112.0
        ],
        [
          211.0,
          118.0
        ]
      ],
      "group_id": null,
      "shape_type": "rectangle",
      "flags": {}
    },
    {
      "label": "resistor",
      "points": [
        [
          200.0,
          193.0
        ],
        [
          215.0,
          220.0
        ]
      ],
      "group_id": null,
      "shape_type": "rectangle",
      "flags": {}
    },
    {
      "label": "resistor",
      "points": [
        [
          47.0,
          39.0
        ],
        [
          62.0,
          65.0
        ]
      ],
      "group_id": null,
      "shape_type": "rectangle",
      "flags": {}
    },
    {
      "label": "port",
      "points": [
        [
          435.0,
          14.0
        ],
        [
          443.0,
          22.0
        ]
      ],
      "group_id": null,
      "shape_type": "rectangle",
      "flags": {}
    },
    {
      "label": "npn",
      "points": [
        [
          289.0,
          151.0
        ],
        [
          309.0,
          181.0
        ]
      ],
      "group_id": null,
      "shape_type": "rectangle",
      "flags": {}
    },
    {
      "label": "port",
      "points": [
        [
          35.0,
          232.0
        ],
        [
          48.0,
          243.0
        ]
      ],
      "group_id": null,
      "shape_type": "rectangle",
      "flags": {}
    },
    {
      "label": "pmos",
      "points": [
        [
          206.0,
          36.0
        ],
        [
          236.0,
          70.0
        ]
      ],
      "group_id": null,
      "shape_type": "rectangle",
      "flags": {}
    },
    {
      "label": "pmos",
      "points": [
        [
          334.0,
          35.0
        ],
        [
          365.0,
          71.0
        ]
      ],
      "group_id": null,
      "shape_type": "rectangle",
      "flags": {}
    }
  ],
  "imagePath": "14140.jpg",
  "imageData": null,
  "imageHeight": 245,
  "imageWidth": 444
}