{
  "version": "5.1.1",
  "flags": {},
  "shapes": [
    {
      "label": "vdd",
      "points": [
        [
          543.0,
          11.0
        ],
        [
          662.0,
          48.0
        ]
      ],
      "group_id": null,
      "shape_type": "rectangle",
      "flags": {}
    },
    {
      "label": "capacitor",
      "points": [
        [
          308.0,
          418.0
        ],
        [
          358.0,
          494.0
        ]
      ],
      "group_id": null,
      "shape_type": "rectangle",
      "flags": {}
    },
    {
      "label": "resistor",
      "points": [
        [
          687.0,
          173.0
        ],
        [
          728.0,
          291.0
        ]
      ],
      "group_id": null,
      "shape_type": "rectangle",
      "flags": {}
    },
    {
      "label": "gnd",
      "points": [
        [
          551.0,
          893.0
        ],
        [
          601.0,
          909.0
        ]
      ],
      "group_id": null,
      "shape_type": "rectangle",
      "flags": {}
    },
    {
      "label": "current",
      "points": [
        [
          171.0,
          605.0
        ],
        [
          285.0,
          703.0
        ]
      ],
      "group_id": null,
      "shape_type": "rectangle",
      "flags": {}
    },
    {
      "label": "capacitor",
      "points": [
        [
          834.0,
          706.0
        ],
        [
          901.0,
          760.0
        ]
      ],
      "group_id": null,
      "shape_type": "rectangle",
      "flags": {}
    },
    {
      "label": "resistor",
      "points": [
        [
          1033.0,
          653.0
        ],
        [
          1075.0,
          773.0
        ]
      ],
      "group_id": null,
      "shape_type": "rectangle",
      "flags": {}
    },
    {
      "label": "resistor",
      "points": [
        [
          688.0,
          631.0
        ],
        [
          729.0,
          748.0
        ]
      ],
      "group_id": null,
      "shape_type": "rectangle",
      "flags": {}
    },
    {
      "label": "resistor",
      "points": [
        [
          472.0,
          233.0
        ],
        [
          515.0,
          348.0
        ]
      ],
      "group_id": null,
      "shape_type": "rectangle",
      "flags": {}
    },
    {
      "label": "resistor",
      "points": [
        [
          474.0,
          635.0
        ],
        [
          515.0,
          747.0
        ]
      ],
      "group_id": null,
      "shape_type": "rectangle",
      "flags": {}
    },
    {
      "label": "npn",
      "points": [
        [
          671.0,
          404.0
        ],
        [
          717.0,
          507.0
        ]
      ],
      "group_id": null,
      "shape_type": "rectangle",
      "flags": {}
    }
  ],
  "imagePath": "14441.jpg",
  "imageData": null,
  "imageHeight": 946,
  "imageWidth": 1276
}