{
  "version": "5.1.1",
  "flags": {},
  "shapes": [
    {
      "label": "gnd",
      "points": [
        [
          265.0,
          210.0
        ],
        [
          282.0,
          222.0
        ]
      ],
      "group_id": null,
      "shape_type": "rectangle",
      "flags": {}
    },
    {
      "label": "port",
      "points": [
        [
          394.0,
          89.0
        ],
        [
          402.0,
          97.0
        ]
      ],
      "group_id": null,
      "shape_type": "rectangle",
      "flags": {}
    },
    {
      "label": "resistor",
      "points": [
        [
          267.0,
          47.0
        ],
        [
          280.0,
          74.0
        ]
      ],
      "group_id": null,
      "shape_type": "rectangle",
      "flags": {}
    },
    {
      "label": "gnd",
      "points": [
        [
          192.0,
          210.0
        ],
        [
          209.0,
          222.0
        ]
      ],
      "group_id": null,
      "shape_type": "rectangle",
      "flags": {}
    },
    {
      "label": "nmos",
      "points": [
        [
          257.0,
          111.0
        ],
        [
          276.0,
          141.0
        ]
      ],
      "group_id": null,
      "shape_type": "rectangle",
      "flags": {}
    },
    {
      "label": "resistor",
      "points": [
        [
          194.0,
          60.0
        ],
        [
          208.0,
          87.0
        ]
      ],
      "group_id": null,
      "shape_type": "rectangle",
      "flags": {}
    },
    {
      "label": "gnd",
      "points": [
        [
          369.0,
          45.0
        ],
        [
          387.0,
          58.0
        ]
      ],
      "group_id": null,
      "shape_type": "rectangle",
      "flags": {}
    },
    {
      "label": "voltage",
      "points": [
        [
          95.0,
          144.0
        ],
        [
          124.0,
          173.0
        ]
      ],
      "group_id": null,
      "shape_type": "rectangle",
      "flags": {}
    },
    {
      "label": "gnd",
      "points": [
        [
          363.0,
          183.0
        ],
        [
          381.0,
          196.0
        ]
      ],
      "group_id": null,
      "shape_type": "rectangle",
      "flags": {}
    },
    {
      "label": "capacitor",
      "points": [
        [
          324.0,
          84.0
        ],
        [
          334.0,
          102.0
        ]
      ],
      "group_id": null,
      "shape_type": "rectangle",
      "flags": {}
    },
    {
      "label": "gnd",
      "points": [
        [
          100.0,
          196.0
        ],
        [
          119.0,
          209.0
        ]
      ],
      "group_id": null,
      "shape_type": "rectangle",
      "flags": {}
    },
    {
      "label": "voltage-lines",
      "points": [
        [
          330.0,
          14.0
        ],
        [
          341.0,
          40.0
        ]
      ],
      "group_id": null,
      "shape_type": "rectangle",
      "flags": {}
    },
    {
      "label": "resistor",
      "points": [
        [
          365.0,
          118.0
        ],
        [
          379.0,
          147.0
        ]
      ],
      "group_id": null,
      "shape_type": "rectangle",
      "flags": {}
    },
    {
      "label": "resistor",
      "points": [
        [
          267.0,
          165.0
        ],
        [
          280.0,
          193.0
        ]
      ],
      "group_id": null,
      "shape_type": "rectangle",
      "flags": {}
    },
    {
      "label": "resistor",
      "points": [
        [
          128.0,
          119.0
        ],
        [
          157.0,
          133.0
        ]
      ],
      "group_id": null,
      "shape_type": "rectangle",
      "flags": {}
    },
    {
      "label": "capacitor",
      "points": [
        [
          173.0,
          116.0
        ],
        [
          184.0,
          135.0
        ]
      ],
      "group_id": null,
      "shape_type": "rectangle",
      "flags": {}
    },
    {
      "label": "resistor",
      "points": [
        [
          194.0,
          165.0
        ],
        [
          208.0,
          192.0
        ]
      ],
      "group_id": null,
      "shape_type": "rectangle",
      "flags": {}
    }
  ],
  "imagePath": "14446.jpg",
  "imageData": null,
  "imageHeight": 228,
  "imageWidth": 487
}