{
  "version": "5.1.1",
  "flags": {},
  "shapes": [
    {
      "label": "npn",
      "points": [
        [
          349.0,
          217.0
        ],
        [
          365.0,
          248.0
        ]
      ],
      "group_id": null,
      "shape_type": "rectangle",
      "flags": {}
    },
    {
      "label": "port",
      "points": [
        [
          42.0,
          215.0
        ],
        [
          59.0,
          230.0
        ]
      ],
      "group_id": null,
      "shape_type": "rectangle",
      "flags": {}
    },
    {
      "label": "resistor",
      "points": [
        [
          251.0,
          126.0
        ],
        [
          265.0,
          156.0
        ]
      ],
      "group_id": null,
      "shape_type": "rectangle",
      "flags": {}
    },
    {
      "label": "resistor",
      "points": [
        [
          529.0,
          283.0
        ],
        [
          544.0,
          313.0
        ]
      ],
      "group_id": null,
      "shape_type": "rectangle",
      "flags": {}
    },
    {
      "label": "resistor",
      "points": [
        [
          355.0,
          126.0
        ],
        [
          370.0,
          156.0
        ]
      ],
      "group_id": null,
      "shape_type": "rectangle",
      "flags": {}
    },
    {
      "label": "gnd",
      "points": [
        [
          247.0,
          482.0
        ],
        [
          269.0,
          493.0
        ]
      ],
      "group_id": null,
      "shape_type": "rectangle",
      "flags": {}
    },
    {
      "label": "voltage",
      "points": [
        [
          21.0,
          274.0
        ],
        [
          59.0,
          312.0
        ]
      ],
      "group_id": null,
      "shape_type": "rectangle",
      "flags": {}
    },
    {
      "label": "gnd",
      "points": [
        [
          577.0,
          101.0
        ],
        [
          598.0,
          111.0
        ]
      ],
      "group_id": null,
      "shape_type": "rectangle",
      "flags": {}
    },
    {
      "label": "resistor",
      "points": [
        [
          355.0,
          361.0
        ],
        [
          370.0,
          393.0
        ]
      ],
      "group_id": null,
      "shape_type": "rectangle",
      "flags": {}
    },
    {
      "label": "capacitor",
      "points": [
        [
          117.0,
          222.0
        ],
        [
          128.0,
          244.0
        ]
      ],
      "group_id": null,
      "shape_type": "rectangle",
      "flags": {}
    },
    {
      "label": "resistor",
      "points": [
        [
          251.0,
          361.0
        ],
        [
          266.0,
          394.0
        ]
      ],
      "group_id": null,
      "shape_type": "rectangle",
      "flags": {}
    },
    {
      "label": "capacitor",
      "points": [
        [
          465.0,
          170.0
        ],
        [
          476.0,
          192.0
        ]
      ],
      "group_id": null,
      "shape_type": "rectangle",
      "flags": {}
    },
    {
      "label": "voltage-lines",
      "points": [
        [
          460.6832,
          55.8126
        ],
        [
          489.7032,
          79.507
        ]
      ],
      "group_id": null,
      "shape_type": "rectangle",
      "flags": {}
    }
  ],
  "imagePath": "14469.jpg",
  "imageData": null,
  "imageHeight": 510,
  "imageWidth": 619
}