{
  "version": "5.1.1",
  "flags": {},
  "shapes": [
    {
      "label": "resistor",
      "points": [
        [
          37.0,
          340.0
        ],
        [
          52.0,
          376.0
        ]
      ],
      "group_id": null,
      "shape_type": "rectangle",
      "flags": {}
    },
    {
      "label": "voltage-lines",
      "points": [
        [
          176.0,
          419.0
        ],
        [
          208.0,
          445.0
        ]
      ],
      "group_id": null,
      "shape_type": "rectangle",
      "flags": {}
    },
    {
      "label": "gnd",
      "points": [
        [
          329.0,
          53.0
        ],
        [
          353.0,
          65.0
        ]
      ],
      "group_id": null,
      "shape_type": "rectangle",
      "flags": {}
    },
    {
      "label": "capacitor",
      "points": [
        [
          122.0,
          290.0
        ],
        [
          134.0,
          316.0
        ]
      ],
      "group_id": null,
      "shape_type": "rectangle",
      "flags": {}
    },
    {
      "label": "voltage",
      "points": [
        [
          22.0,
          410.0
        ],
        [
          66.0,
          453.0
        ]
      ],
      "group_id": null,
      "shape_type": "rectangle",
      "flags": {}
    },
    {
      "label": "resistor",
      "points": [
        [
          492.0,
          330.0
        ],
        [
          508.0,
          366.0
        ]
      ],
      "group_id": null,
      "shape_type": "rectangle",
      "flags": {}
    },
    {
      "label": "capacitor",
      "points": [
        [
          389.0,
          241.0
        ],
        [
          401.0,
          266.0
        ]
      ],
      "group_id": null,
      "shape_type": "rectangle",
      "flags": {}
    },
    {
      "label": "capacitor",
      "points": [
        [
          318.0,
          123.0
        ],
        [
          344.0,
          136.0
        ]
      ],
      "group_id": null,
      "shape_type": "rectangle",
      "flags": {}
    },
    {
      "label": "inductor",
      "points": [
        [
          218.0,
          114.0
        ],
        [
          228.0,
          144.0
        ]
      ],
      "group_id": null,
      "shape_type": "rectangle",
      "flags": {}
    },
    {
      "label": "capacitor",
      "points": [
        [
          378.0,
          400.0
        ],
        [
          402.0,
          414.0
        ]
      ],
      "group_id": null,
      "shape_type": "rectangle",
      "flags": {}
    },
    {
      "label": "npn",
      "points": [
        [
          265.0,
          285.0
        ],
        [
          286.0,
          321.0
        ]
      ],
      "group_id": null,
      "shape_type": "rectangle",
      "flags": {}
    },
    {
      "label": "voltage-lines",
      "points": [
        [
          265.0,
          52.0
        ],
        [
          297.0,
          80.0
        ]
      ],
      "group_id": null,
      "shape_type": "rectangle",
      "flags": {}
    },
    {
      "label": "gnd",
      "points": [
        [
          269.0,
          478.0
        ],
        [
          293.0,
          490.0
        ]
      ],
      "group_id": null,
      "shape_type": "rectangle",
      "flags": {}
    },
    {
      "label": "resistor",
      "points": [
        [
          273.0,
          390.0
        ],
        [
          290.0,
          425.0
        ]
      ],
      "group_id": null,
      "shape_type": "rectangle",
      "flags": {}
    },
    {
      "label": "resistor",
      "points": [
        [
          185.0,
          349.0
        ],
        [
          201.0,
          385.0
        ]
      ],
      "group_id": null,
      "shape_type": "rectangle",
      "flags": {}
    }
  ],
  "imagePath": "14508.jpg",
  "imageData": null,
  "imageHeight": 509,
  "imageWidth": 573
}