{
  "version": "5.1.1",
  "flags": {},
  "shapes": [
    {
      "label": "capacitor",
      "points": [
        [
          295.0,
          250.0
        ],
        [
          348.0,
          278.0
        ]
      ],
      "group_id": null,
      "shape_type": "rectangle",
      "flags": {}
    },
    {
      "label": "port",
      "points": [
        [
          231.0,
          11.0
        ],
        [
          252.0,
          36.0
        ]
      ],
      "group_id": null,
      "shape_type": "rectangle",
      "flags": {}
    },
    {
      "label": "single-input-single-end-amp",
      "points": [
        [
          633.0,
          121.0
        ],
        [
          716.0,
          201.0
        ]
      ],
      "group_id": null,
      "shape_type": "rectangle",
      "flags": {}
    },
    {
      "label": "gnd",
      "points": [
        [
          738.0,
          315.0
        ],
        [
          781.0,
          338.0
        ]
      ],
      "group_id": null,
      "shape_type": "rectangle",
      "flags": {}
    },
    {
      "label": "capacitor",
      "points": [
        [
          808.0,
          232.0
        ],
        [
          859.0,
          260.0
        ]
      ],
      "group_id": null,
      "shape_type": "rectangle",
      "flags": {}
    },
    {
      "label": "resistor",
      "points": [
        [
          223.0,
          64.0
        ],
        [
          262.0,
          133.0
        ]
      ],
      "group_id": null,
      "shape_type": "rectangle",
      "flags": {}
    },
    {
      "label": "pmos",
      "points": [
        [
          77.0,
          195.0
        ],
        [
          123.0,
          255.0
        ]
      ],
      "group_id": null,
      "shape_type": "rectangle",
      "flags": {}
    },
    {
      "label": "nmos",
      "points": [
        [
          198.0,
          257.0
        ],
        [
          246.0,
          317.0
        ]
      ],
      "group_id": null,
      "shape_type": "rectangle",
      "flags": {}
    },
    {
      "label": "gnd",
      "points": [
        [
          222.0,
          334.0
        ],
        [
          264.0,
          357.0
        ]
      ],
      "group_id": null,
      "shape_type": "rectangle",
      "flags": {}
    },
    {
      "label": "gnd",
      "points": [
        [
          15.0,
          242.0
        ],
        [
          57.0,
          267.0
        ]
      ],
      "group_id": null,
      "shape_type": "rectangle",
      "flags": {}
    },
    {
      "label": "gnd",
      "points": [
        [
          813.0,
          314.0
        ],
        [
          856.0,
          338.0
        ]
      ],
      "group_id": null,
      "shape_type": "rectangle",
      "flags": {}
    },
    {
      "label": "port",
      "points": [
        [
          870.0,
          153.0
        ],
        [
          890.0,
          171.0
        ]
      ],
      "group_id": null,
      "shape_type": "rectangle",
      "flags": {}
    },
    {
      "label": "capacitor",
      "points": [
        [
          165.0,
          136.0
        ],
        [
          193.0,
          188.0
        ]
      ],
      "group_id": null,
      "shape_type": "rectangle",
      "flags": {}
    },
    {
      "label": "gnd",
      "points": [
        [
          301.0,
          331.0
        ],
        [
          343.0,
          355.0
        ]
      ],
      "group_id": null,
      "shape_type": "rectangle",
      "flags": {}
    },
    {
      "label": "resistor",
      "points": [
        [
          739.0,
          66.0
        ],
        [
          779.0,
          133.0
        ]
      ],
      "group_id": null,
      "shape_type": "rectangle",
      "flags": {}
    },
    {
      "label": "port",
      "points": [
        [
          354.0,
          153.0
        ],
        [
          372.0,
          172.0
        ]
      ],
      "group_id": null,
      "shape_type": "rectangle",
      "flags": {}
    },
    {
      "label": "nmos",
      "points": [
        [
          717.0,
          194.0
        ],
        [
          764.0,
          255.0
        ]
      ],
      "group_id": null,
      "shape_type": "rectangle",
      "flags": {}
    },
    {
      "label": "port",
      "points": [
        [
          749.5165,
          13.4278
        ],
        [
          770.5165,
          38.4241
        ]
      ],
      "group_id": null,
      "shape_type": "rectangle",
      "flags": {}
    }
  ],
  "imagePath": "book_1_image_378.png",
  "imageData": null,
  "imageHeight": 363,
  "imageWidth": 945
}