{
  "version": "5.1.1",
  "flags": {},
  "shapes": [
    {
      "label": "cross-line-curved",
      "points": [
        [
          418.0,
          194.0
        ],
        [
          445.0,
          213.0
        ]
      ],
      "group_id": null,
      "shape_type": "rectangle",
      "flags": {}
    },
    {
      "label": "port",
      "points": [
        [
          913.0,
          322.0
        ],
        [
          973.0,
          357.0
        ]
      ],
      "group_id": null,
      "shape_type": "rectangle",
      "flags": {}
    },
    {
      "label": "capacitor",
      "points": [
        [
          387.0,
          458.0
        ],
        [
          413.0,
          531.0
        ]
      ],
      "group_id": null,
      "shape_type": "rectangle",
      "flags": {}
    },
    {
      "label": "capacitor",
      "points": [
        [
          204.0,
          418.0
        ],
        [
          276.0,
          445.0
        ]
      ],
      "group_id": null,
      "shape_type": "rectangle",
      "flags": {}
    },
    {
      "label": "resistor",
      "points": [
        [
          201.0,
          187.0
        ],
        [
          282.0,
          228.0
        ]
      ],
      "group_id": null,
      "shape_type": "rectangle",
      "flags": {}
    },
    {
      "label": "resistor",
      "points": [
        [
          125.0,
          391.0
        ],
        [
          162.0,
          471.0
        ]
      ],
      "group_id": null,
      "shape_type": "rectangle",
      "flags": {}
    },
    {
      "label": "port",
      "points": [
        [
          51.0,
          546.0
        ],
        [
          110.0,
          579.0
        ]
      ],
      "group_id": null,
      "shape_type": "rectangle",
      "flags": {}
    },
    {
      "label": "voltage",
      "points": [
        [
          811.0,
          170.0
        ],
        [
          884.0,
          243.0
        ]
      ],
      "group_id": null,
      "shape_type": "rectangle",
      "flags": {}
    },
    {
      "label": "resistor",
      "points": [
        [
          487.0,
          187.0
        ],
        [
          569.0,
          228.0
        ]
      ],
      "group_id": null,
      "shape_type": "rectangle",
      "flags": {}
    },
    {
      "label": "resistor",
      "points": [
        [
          488.0,
          476.0
        ],
        [
          569.0,
          515.0
        ]
      ],
      "group_id": null,
      "shape_type": "rectangle",
      "flags": {}
    },
    {
      "label": "cross-line-curved",
      "points": [
        [
          585.0,
          450.0
        ],
        [
          605.0,
          475.0
        ]
      ],
      "group_id": null,
      "shape_type": "rectangle",
      "flags": {}
    },
    {
      "label": "single-end-amp",
      "points": [
        [
          341.0,
          250.0
        ],
        [
          514.0,
          420.0
        ]
      ],
      "group_id": null,
      "shape_type": "rectangle",
      "flags": {}
    },
    {
      "label": "voltage",
      "points": [
        [
          811.0,
          363.0
        ],
        [
          884.0,
          434.0
        ]
      ],
      "group_id": null,
      "shape_type": "rectangle",
      "flags": {}
    }
  ],
  "imagePath": "14987.jpg",
  "imageData": null,
  "imageHeight": 768,
  "imageWidth": 1024
}