{
  "version": "5.1.1",
  "flags": {},
  "shapes": [
    {
      "label": "resistor",
      "points": [
        [
          194.0,
          160.0
        ],
        [
          253.0,
          189.0
        ]
      ],
      "group_id": null,
      "shape_type": "rectangle",
      "flags": {}
    },
    {
      "label": "voltage",
      "points": [
        [
          293.0,
          388.0
        ],
        [
          346.0,
          439.0
        ]
      ],
      "group_id": null,
      "shape_type": "rectangle",
      "flags": {}
    },
    {
      "label": "resistor",
      "points": [
        [
          306.0,
          48.0
        ],
        [
          333.0,
          107.0
        ]
      ],
      "group_id": null,
      "shape_type": "rectangle",
      "flags": {}
    },
    {
      "label": "resistor",
      "points": [
        [
          114.0,
          48.0
        ],
        [
          141.0,
          107.0
        ]
      ],
      "group_id": null,
      "shape_type": "rectangle",
      "flags": {}
    },
    {
      "label": "capacitor",
      "points": [
        [
          508.8306,
          259.5402
        ],
        [
          562.5011,
          279.0
        ]
      ],
      "group_id": null,
      "shape_type": "rectangle",
      "flags": {}
    },
    {
      "label": "switch",
      "points": [
        [
          121.0583,
          251.9564
        ],
        [
          161.8064,
          331.7044
        ]
      ],
      "group_id": null,
      "shape_type": "rectangle",
      "flags": {}
    },
    {
      "label": "port",
      "points": [
        [
          172.6834,
          265.0582
        ],
        [
          179.1092,
          274.5014
        ]
      ],
      "group_id": null,
      "shape_type": "rectangle",
      "flags": {}
    },
    {
      "label": "inductor",
      "points": [
        [
          305.7241,
          235.0357
        ],
        [
          332.7265,
          302.8011
        ]
      ],
      "group_id": null,
      "shape_type": "rectangle",
      "flags": {}
    },
    {
      "label": "voltage",
      "points": [
        [
          100.6561,
          388.5683
        ],
        [
          153.6571,
          439.5674
        ]
      ],
      "group_id": null,
      "shape_type": "rectangle",
      "flags": {}
    }
  ],
  "imagePath": "15034.jpg",
  "imageData": null,
  "imageHeight": 601,
  "imageWidth": 687
}