{
  "version": "5.1.1",
  "flags": {},
  "shapes": [
    {
      "label": "port",
      "points": [
        [
          556.0,
          172.0
        ],
        [
          574.0,
          188.0
        ]
      ],
      "group_id": null,
      "shape_type": "rectangle",
      "flags": {}
    },
    {
      "label": "resistor",
      "points": [
        [
          164.0,
          188.0
        ],
        [
          244.0,
          221.0
        ]
      ],
      "group_id": null,
      "shape_type": "rectangle",
      "flags": {}
    },
    {
      "label": "resistor",
      "points": [
        [
          335.0,
          68.0
        ],
        [
          409.0,
          101.0
        ]
      ],
      "group_id": null,
      "shape_type": "rectangle",
      "flags": {}
    },
    {
      "label": "port",
      "points": [
        [
          51.0,
          316.0
        ],
        [
          68.0,
          332.0
        ]
      ],
      "group_id": null,
      "shape_type": "rectangle",
      "flags": {}
    },
    {
      "label": "resistor",
      "points": [
        [
          165.0,
          140.0
        ],
        [
          243.0,
          173.0
        ]
      ],
      "group_id": null,
      "shape_type": "rectangle",
      "flags": {}
    },
    {
      "label": "port",
      "points": [
        [
          556.0,
          316.0
        ],
        [
          575.0,
          333.0
        ]
      ],
      "group_id": null,
      "shape_type": "rectangle",
      "flags": {}
    },
    {
      "label": "resistor",
      "points": [
        [
          488.0,
          202.0
        ],
        [
          519.0,
          278.0
        ]
      ],
      "group_id": null,
      "shape_type": "rectangle",
      "flags": {}
    },
    {
      "label": "gnd",
      "points": [
        [
          224.0,
          344.0
        ],
        [
          304.0,
          365.1054
        ]
      ],
      "group_id": null,
      "shape_type": "rectangle",
      "flags": {}
    },
    {
      "label": "resistor",
      "points": [
        [
          247.0,
          225.0
        ],
        [
          280.0,
          304.0
        ]
      ],
      "group_id": null,
      "shape_type": "rectangle",
      "flags": {}
    },
    {
      "label": "port",
      "points": [
        [
          51.0,
          148.0
        ],
        [
          68.0,
          164.0
        ]
      ],
      "group_id": null,
      "shape_type": "rectangle",
      "flags": {}
    },
    {
      "label": "single-end-amp",
      "points": [
        [
          304.0,
          125.0
        ],
        [
          413.0,
          232.0
        ]
      ],
      "group_id": null,
      "shape_type": "rectangle",
      "flags": {}
    },
    {
      "label": "port",
      "points": [
        [
          134.6188,
          193.9782
        ],
        [
          152.9944,
          213.738
        ]
      ],
      "group_id": null,
      "shape_type": "rectangle",
      "flags": {}
    }
  ],
  "imagePath": "1510.jpg",
  "imageData": null,
  "imageHeight": 528,
  "imageWidth": 624
}