{
  "version": "5.1.1",
  "flags": {},
  "shapes": [
    {
      "label": "capacitor",
      "points": [
        [
          75.9135,
          113.5593
        ],
        [
          93.9401,
          139.9616
        ]
      ],
      "group_id": null,
      "shape_type": "rectangle",
      "flags": {}
    },
    {
      "label": "gnd",
      "points": [
        [
          219.0407,
          225.7742
        ],
        [
          244.809,
          239.8657
        ]
      ],
      "group_id": null,
      "shape_type": "rectangle",
      "flags": {}
    },
    {
      "label": "resistor",
      "points": [
        [
          222.1562,
          32.851
        ],
        [
          242.4456,
          93.0722
        ]
      ],
      "group_id": null,
      "shape_type": "rectangle",
      "flags": {}
    },
    {
      "label": "port",
      "points": [
        [
          272.5274,
          14.2302
        ],
        [
          282.1818,
          24.2255
        ]
      ],
      "group_id": null,
      "shape_type": "rectangle",
      "flags": {}
    },
    {
      "label": "resistor",
      "points": [
        [
          223.1253,
          152.6507
        ],
        [
          243.4193,
          212.8828
        ]
      ],
      "group_id": null,
      "shape_type": "rectangle",
      "flags": {}
    },
    {
      "label": "resistor",
      "points": [
        [
          135.5214,
          150.0872
        ],
        [
          155.8185,
          210.3052
        ]
      ],
      "group_id": null,
      "shape_type": "rectangle",
      "flags": {}
    },
    {
      "label": "voltage",
      "points": [
        [
          40.9928,
          172.7856
        ],
        [
          61.2863,
          193.3993
        ]
      ],
      "group_id": null,
      "shape_type": "rectangle",
      "flags": {}
    },
    {
      "label": "npn",
      "points": [
        [
          209.5978,
          105.4749
        ],
        [
          234.3996,
          147.3454
        ]
      ],
      "group_id": null,
      "shape_type": "rectangle",
      "flags": {}
    },
    {
      "label": "gnd",
      "points": [
        [
          285.242,
          224.8639
        ],
        [
          310.5111,
          239.6263
        ]
      ],
      "group_id": null,
      "shape_type": "rectangle",
      "flags": {}
    },
    {
      "label": "port",
      "points": [
        [
          345.9899,
          98.0787
        ],
        [
          360.7491,
          108.8142
        ]
      ],
      "group_id": null,
      "shape_type": "rectangle",
      "flags": {}
    },
    {
      "label": "capacitor",
      "points": [
        [
          294.4284,
          89.9175
        ],
        [
          309.8819,
          119.2282
        ]
      ],
      "group_id": null,
      "shape_type": "rectangle",
      "flags": {}
    },
    {
      "label": "gnd",
      "points": [
        [
          37.2189,
          221.528
        ],
        [
          64.7219,
          238.304
        ]
      ],
      "group_id": null,
      "shape_type": "rectangle",
      "flags": {}
    },
    {
      "label": "capacitor",
      "points": [
        [
          285.2414,
          180.8613
        ],
        [
          312.9438,
          196.974
        ]
      ],
      "group_id": null,
      "shape_type": "rectangle",
      "flags": {}
    },
    {
      "label": "resistor",
      "points": [
        [
          137.2996,
          34.9491
        ],
        [
          157.5808,
          95.1652
        ]
      ],
      "group_id": null,
      "shape_type": "rectangle",
      "flags": {}
    }
  ],
  "imagePath": "166.jpg",
  "imageData": null,
  "imageHeight": 257,
  "imageWidth": 377
}