{
  "version": "5.1.1",
  "flags": {},
  "shapes": [
    {
      "label": "voltage",
      "points": [
        [
          253.0,
          45.0
        ],
        [
          327.0,
          117.0
        ]
      ],
      "group_id": null,
      "shape_type": "rectangle",
      "flags": {}
    },
    {
      "label": "single-end-amp",
      "points": [
        [
          81.0,
          124.0
        ],
        [
          226.0,
          261.0
        ]
      ],
      "group_id": null,
      "shape_type": "rectangle",
      "flags": {}
    },
    {
      "label": "gnd",
      "points": [
        [
          429.0,
          208.0
        ],
        [
          470.0,
          233.0
        ]
      ],
      "group_id": null,
      "shape_type": "rectangle",
      "flags": {}
    },
    {
      "label": "port",
      "points": [
        [
          260.0,
          182.0
        ],
        [
          278.0,
          202.0
        ]
      ],
      "group_id": null,
      "shape_type": "rectangle",
      "flags": {}
    },
    {
      "label": "voltage",
      "points": [
        [
          253.0,
          264.0
        ],
        [
          326.0,
          335.0
        ]
      ],
      "group_id": null,
      "shape_type": "rectangle",
      "flags": {}
    },
    {
      "label": "gnd",
      "points": [
        [
          37.0,
          261.0
        ],
        [
          80.0,
          286.0
        ]
      ],
      "group_id": null,
      "shape_type": "rectangle",
      "flags": {}
    },
    {
      "label": "cross-line-curved",
      "points": [
        [
          137.0,
          103.0
        ],
        [
          160.0,
          117.0
        ]
      ],
      "group_id": null,
      "shape_type": "rectangle",
      "flags": {}
    },
    {
      "label": "voltage-lines",
      "points": [
        [
          373.0,
          123.0
        ],
        [
          424.0,
          167.0
        ]
      ],
      "group_id": null,
      "shape_type": "rectangle",
      "flags": {}
    },
    {
      "label": "voltage-lines",
      "points": [
        [
          373.0,
          233.0
        ],
        [
          424.0,
          274.0
        ]
      ],
      "group_id": null,
      "shape_type": "rectangle",
      "flags": {}
    }
  ],
  "imagePath": "book_1_image_390.png",
  "imageData": null,
  "imageHeight": 341,
  "imageWidth": 497
}