{
  "version": "5.1.1",
  "flags": {},
  "shapes": [
    {
      "label": "capacitor",
      "points": [
        [
          254.0,
          88.0
        ],
        [
          279.0,
          99.0
        ]
      ],
      "group_id": null,
      "shape_type": "rectangle",
      "flags": {}
    },
    {
      "label": "capacitor",
      "points": [
        [
          204.0,
          239.0
        ],
        [
          228.0,
          250.0
        ]
      ],
      "group_id": null,
      "shape_type": "rectangle",
      "flags": {}
    },
    {
      "label": "resistor2",
      "points": [
        [
          330.0,
          192.0
        ],
        [
          343.0,
          226.0
        ]
      ],
      "group_id": null,
      "shape_type": "rectangle",
      "flags": {}
    },
    {
      "label": "port",
      "points": [
        [
          180.0,
          23.0
        ],
        [
          193.0,
          36.0
        ]
      ],
      "group_id": null,
      "shape_type": "rectangle",
      "flags": {}
    },
    {
      "label": "resistor2",
      "points": [
        [
          70.0,
          232.0
        ],
        [
          83.0,
          266.0
        ]
      ],
      "group_id": null,
      "shape_type": "rectangle",
      "flags": {}
    },
    {
      "label": "resistor2",
      "points": [
        [
          150.0,
          233.0
        ],
        [
          163.0,
          266.0
        ]
      ],
      "group_id": null,
      "shape_type": "rectangle",
      "flags": {}
    },
    {
      "label": "npn",
      "points": [
        [
          133.0,
          152.0
        ],
        [
          161.0,
          196.0
        ]
      ],
      "group_id": null,
      "shape_type": "rectangle",
      "flags": {}
    },
    {
      "label": "gnd",
      "points": [
        [
          174.0,
          302.0
        ],
        [
          199.0,
          316.0
        ]
      ],
      "group_id": null,
      "shape_type": "rectangle",
      "flags": {}
    },
    {
      "label": "capacitor",
      "points": [
        [
          204.0,
          169.0
        ],
        [
          228.0,
          179.0
        ]
      ],
      "group_id": null,
      "shape_type": "rectangle",
      "flags": {}
    },
    {
      "label": "resistor",
      "points": [
        [
          144.0,
          71.0
        ],
        [
          160.0,
          117.0
        ]
      ],
      "group_id": null,
      "shape_type": "rectangle",
      "flags": {}
    },
    {
      "label": "resistor2",
      "points": [
        [
          69.0,
          82.0
        ],
        [
          83.0,
          116.0
        ]
      ],
      "group_id": null,
      "shape_type": "rectangle",
      "flags": {}
    },
    {
      "label": "capacitor",
      "points": [
        [
          291.0,
          132.0
        ],
        [
          302.0,
          156.0
        ]
      ],
      "group_id": null,
      "shape_type": "rectangle",
      "flags": {}
    },
    {
      "label": "capacitor",
      "points": [
        [
          195.0,
          89.0
        ],
        [
          218.0,
          99.0
        ]
      ],
      "group_id": null,
      "shape_type": "rectangle",
      "flags": {}
    },
    {
      "label": "capacitor",
      "points": [
        [
          5.0,
          239.0
        ],
        [
          28.0,
          249.0
        ]
      ],
      "group_id": null,
      "shape_type": "rectangle",
      "flags": {}
    }
  ],
  "imagePath": "1761.jpg",
  "imageData": null,
  "imageHeight": 325,
  "imageWidth": 371
}