{
  "version": "5.1.1",
  "flags": {},
  "shapes": [
    {
      "label": "npn",
      "points": [
        [
          339.0,
          192.0
        ],
        [
          384.0,
          265.0
        ]
      ],
      "group_id": null,
      "shape_type": "rectangle",
      "flags": {}
    },
    {
      "label": "resistor",
      "points": [
        [
          368.0,
          93.0
        ],
        [
          393.0,
          157.0
        ]
      ],
      "group_id": null,
      "shape_type": "rectangle",
      "flags": {}
    },
    {
      "label": "gnd",
      "points": [
        [
          288.0,
          419.0
        ],
        [
          338.0,
          448.0
        ]
      ],
      "group_id": null,
      "shape_type": "rectangle",
      "flags": {}
    },
    {
      "label": "port",
      "points": [
        [
          661.0,
          376.0
        ],
        [
          679.0,
          393.0
        ]
      ],
      "group_id": null,
      "shape_type": "rectangle",
      "flags": {}
    },
    {
      "label": "resistor",
      "points": [
        [
          238.0,
          121.0
        ],
        [
          264.0,
          185.0
        ]
      ],
      "group_id": null,
      "shape_type": "rectangle",
      "flags": {}
    },
    {
      "label": "capacitor",
      "points": [
        [
          180.0,
          203.0
        ],
        [
          203.0,
          252.0
        ]
      ],
      "group_id": null,
      "shape_type": "rectangle",
      "flags": {}
    },
    {
      "label": "capacitor",
      "points": [
        [
          415.0,
          320.0
        ],
        [
          466.0,
          348.0
        ]
      ],
      "group_id": null,
      "shape_type": "rectangle",
      "flags": {}
    },
    {
      "label": "resistor",
      "points": [
        [
          582.0,
          247.0
        ],
        [
          608.0,
          310.0
        ]
      ],
      "group_id": null,
      "shape_type": "rectangle",
      "flags": {}
    },
    {
      "label": "resistor",
      "points": [
        [
          238.0,
          275.0
        ],
        [
          267.0,
          343.0
        ]
      ],
      "group_id": null,
      "shape_type": "rectangle",
      "flags": {}
    },
    {
      "label": "resistor",
      "points": [
        [
          75.0,
          212.0
        ],
        [
          138.0,
          242.0
        ]
      ],
      "group_id": null,
      "shape_type": "rectangle",
      "flags": {}
    },
    {
      "label": "capacitor",
      "points": [
        [
          523.0,
          159.0
        ],
        [
          543.0,
          203.0
        ]
      ],
      "group_id": null,
      "shape_type": "rectangle",
      "flags": {}
    },
    {
      "label": "resistor",
      "points": [
        [
          365.0,
          298.0
        ],
        [
          394.0,
          368.0
        ]
      ],
      "group_id": null,
      "shape_type": "rectangle",
      "flags": {}
    },
    {
      "label": "port",
      "points": [
        [
          309.1422,
          19.4877
        ],
        [
          324.9591,
          38.6504
        ]
      ],
      "group_id": null,
      "shape_type": "rectangle",
      "flags": {}
    },
    {
      "label": "port",
      "points": [
        [
          660.4887,
          170.958
        ],
        [
          679.6587,
          194.4388
        ]
      ],
      "group_id": null,
      "shape_type": "rectangle",
      "flags": {}
    },
    {
      "label": "port",
      "points": [
        [
          28.6404,
          374.0821
        ],
        [
          48.2984,
          393.2697
        ]
      ],
      "group_id": null,
      "shape_type": "rectangle",
      "flags": {}
    },
    {
      "label": "port",
      "points": [
        [
          32.4734,
          216.3949
        ],
        [
          50.2028,
          237.9694
        ]
      ],
      "group_id": null,
      "shape_type": "rectangle",
      "flags": {}
    }
  ],
  "imagePath": "1772.jpg",
  "imageData": null,
  "imageHeight": 459,
  "imageWidth": 724
}