{
  "version": "5.1.1",
  "flags": {},
  "shapes": [
    {
      "label": "port",
      "points": [
        [
          161.5251,
          756.9556
        ],
        [
          176.6273,
          773.2158
        ]
      ],
      "group_id": null,
      "shape_type": "rectangle",
      "flags": {}
    },
    {
      "label": "port",
      "points": [
        [
          725.3003,
          636.796
        ],
        [
          746.7122,
          661.5447
        ]
      ],
      "group_id": null,
      "shape_type": "rectangle",
      "flags": {}
    },
    {
      "label": "capacitor",
      "points": [
        [
          240.2874,
          295.1453
        ],
        [
          289.1287,
          321.9022
        ]
      ],
      "group_id": null,
      "shape_type": "rectangle",
      "flags": {}
    },
    {
      "label": "capacitor",
      "points": [
        [
          339.4926,
          664.5579
        ],
        [
          393.0144,
          696.6716
        ]
      ],
      "group_id": null,
      "shape_type": "rectangle",
      "flags": {}
    },
    {
      "label": "capacitor",
      "points": [
        [
          746.2463,
          919.4485
        ],
        [
          799.7602,
          946.2079
        ]
      ],
      "group_id": null,
      "shape_type": "rectangle",
      "flags": {}
    },
    {
      "label": "resistor",
      "points": [
        [
          144.0649,
          166.3611
        ],
        [
          210.9631,
          196.4662
        ]
      ],
      "group_id": null,
      "shape_type": "rectangle",
      "flags": {}
    },
    {
      "label": "resistor",
      "points": [
        [
          369.2608,
          273.4066
        ],
        [
          399.3743,
          335.6139
        ]
      ],
      "group_id": null,
      "shape_type": "rectangle",
      "flags": {}
    },
    {
      "label": "resistor",
      "points": [
        [
          603.4106,
          272.7392
        ],
        [
          631.513,
          340.9667
        ]
      ],
      "group_id": null,
      "shape_type": "rectangle",
      "flags": {}
    },
    {
      "label": "resistor",
      "points": [
        [
          440.1781,
          577.1284
        ],
        [
          504.4072,
          610.5702
        ]
      ],
      "group_id": null,
      "shape_type": "rectangle",
      "flags": {}
    },
    {
      "label": "resistor",
      "points": [
        [
          224.7639,
          752.3988
        ],
        [
          288.3158,
          781.1619
        ]
      ],
      "group_id": null,
      "shape_type": "rectangle",
      "flags": {}
    },
    {
      "label": "resistor",
      "points": [
        [
          604.0812,
          912.2841
        ],
        [
          630.1713,
          983.1958
        ]
      ],
      "group_id": null,
      "shape_type": "rectangle",
      "flags": {}
    },
    {
      "label": "pmos",
      "points": [
        [
          580.1335,
          149.5142
        ],
        [
          622.5165,
          209.2422
        ]
      ],
      "group_id": null,
      "shape_type": "rectangle",
      "flags": {}
    },
    {
      "label": "pmos",
      "points": [
        [
          581.4802,
          736.2955
        ],
        [
          620.9794,
          795.0585
        ]
      ],
      "group_id": null,
      "shape_type": "rectangle",
      "flags": {}
    },
    {
      "label": "gnd",
      "points": [
        [
          592.2857,
          1072.8476
        ],
        [
          639.6778,
          1095.7075
        ]
      ],
      "group_id": null,
      "shape_type": "rectangle",
      "flags": {}
    },
    {
      "label": "port",
      "points": [
        [
          37.5832,
          170.268
        ],
        [
          64.35,
          190.897
        ]
      ],
      "group_id": null,
      "shape_type": "rectangle",
      "flags": {}
    },
    {
      "label": "port",
      "points": [
        [
          607.284,
          55.0329
        ],
        [
          627.356,
          73.9826
        ]
      ],
      "group_id": null,
      "shape_type": "rectangle",
      "flags": {}
    }
  ],
  "imagePath": "189.jpg",
  "imageData": null,
  "imageHeight": 1107,
  "imageWidth": 860
}