{
  "version": "5.1.1",
  "flags": {},
  "shapes": [
    {
      "label": "resistor",
      "points": [
        [
          44.83,
          197.7557
        ],
        [
          54.9686,
          238.6573
        ]
      ],
      "group_id": null,
      "shape_type": "rectangle",
      "flags": {}
    },
    {
      "label": "resistor",
      "points": [
        [
          116.4885,
          213.4634
        ],
        [
          156.7243,
          224.2624
        ]
      ],
      "group_id": null,
      "shape_type": "rectangle",
      "flags": {}
    },
    {
      "label": "resistor",
      "points": [
        [
          44.8723,
          298.8653
        ],
        [
          55.501,
          335.679
        ]
      ],
      "group_id": null,
      "shape_type": "rectangle",
      "flags": {}
    },
    {
      "label": "capacitor",
      "points": [
        [
          69.9819,
          165.2047
        ],
        [
          82.8009,
          183.4759
        ]
      ],
      "group_id": null,
      "shape_type": "rectangle",
      "flags": {}
    },
    {
      "label": "capacitor",
      "points": [
        [
          108.2149,
          65.1365
        ],
        [
          118.3082,
          82.8502
        ]
      ],
      "group_id": null,
      "shape_type": "rectangle",
      "flags": {}
    },
    {
      "label": "resistor",
      "points": [
        [
          44.8298,
          99.2687
        ],
        [
          54.6377,
          139.842
        ]
      ],
      "group_id": null,
      "shape_type": "rectangle",
      "flags": {}
    },
    {
      "label": "port",
      "points": [
        [
          264.7224,
          212.8985
        ],
        [
          276.1729,
          224.6185
        ]
      ],
      "group_id": null,
      "shape_type": "rectangle",
      "flags": {}
    },
    {
      "label": "port",
      "points": [
        [
          44.3677,
          29.8122
        ],
        [
          58.6783,
          42.7714
        ]
      ],
      "group_id": null,
      "shape_type": "rectangle",
      "flags": {}
    },
    {
      "label": "gnd",
      "points": [
        [
          202.0543,
          358.6171
        ],
        [
          220.6924,
          368.8421
        ]
      ],
      "group_id": null,
      "shape_type": "rectangle",
      "flags": {}
    },
    {
      "label": "capacitor",
      "points": [
        [
          69.4316,
          254.3608
        ],
        [
          82.5264,
          273.7236
        ]
      ],
      "group_id": null,
      "shape_type": "rectangle",
      "flags": {}
    },
    {
      "label": "capacitor",
      "points": [
        [
          242.0495,
          209.1033
        ],
        [
          251.3173,
          226.8282
        ]
      ],
      "group_id": null,
      "shape_type": "rectangle",
      "flags": {}
    },
    {
      "label": "capacitor",
      "points": [
        [
          204.4183,
          320.3543
        ],
        [
          220.4907,
          330.9872
        ]
      ],
      "group_id": null,
      "shape_type": "rectangle",
      "flags": {}
    },
    {
      "label": "resistor",
      "points": [
        [
          157.6736,
          68.3485
        ],
        [
          195.6326,
          80.1276
        ]
      ],
      "group_id": null,
      "shape_type": "rectangle",
      "flags": {}
    }
  ],
  "imagePath": "193.jpg",
  "imageData": null,
  "imageHeight": 376,
  "imageWidth": 315
}