{
  "version": "5.1.1",
  "flags": {},
  "shapes": [
    {
      "label": "gnd",
      "points": [
        [
          46.0,
          345.0
        ],
        [
          84.0,
          367.0
        ]
      ],
      "group_id": null,
      "shape_type": "rectangle",
      "flags": {}
    },
    {
      "label": "gnd",
      "points": [
        [
          280.0,
          345.0
        ],
        [
          319.0,
          367.0
        ]
      ],
      "group_id": null,
      "shape_type": "rectangle",
      "flags": {}
    },
    {
      "label": "resistor",
      "points": [
        [
          170.0,
          189.0
        ],
        [
          195.0,
          241.0
        ]
      ],
      "group_id": null,
      "shape_type": "rectangle",
      "flags": {}
    },
    {
      "label": "resistor",
      "points": [
        [
          366.0,
          34.0
        ],
        [
          390.0,
          84.0
        ]
      ],
      "group_id": null,
      "shape_type": "rectangle",
      "flags": {}
    },
    {
      "label": "gnd",
      "points": [
        [
          163.0,
          345.0
        ],
        [
          202.0,
          367.0
        ]
      ],
      "group_id": null,
      "shape_type": "rectangle",
      "flags": {}
    },
    {
      "label": "npn",
      "points": [
        [
          264.0,
          222.0
        ],
        [
          306.0,
          291.0
        ]
      ],
      "group_id": null,
      "shape_type": "rectangle",
      "flags": {}
    },
    {
      "label": "diode",
      "points": [
        [
          286.0,
          154.0
        ],
        [
          338.8048,
          191.4097
        ]
      ],
      "group_id": null,
      "shape_type": "rectangle",
      "flags": {}
    },
    {
      "label": "resistor",
      "points": [
        [
          170.0,
          268.0
        ],
        [
          194.0,
          320.0
        ]
      ],
      "group_id": null,
      "shape_type": "rectangle",
      "flags": {}
    },
    {
      "label": "current",
      "points": [
        [
          43.0,
          233.0
        ],
        [
          87.0,
          276.0
        ]
      ],
      "group_id": null,
      "shape_type": "rectangle",
      "flags": {}
    },
    {
      "label": "gnd",
      "points": [
        [
          438.0,
          346.0
        ],
        [
          475.0,
          367.0
        ]
      ],
      "group_id": null,
      "shape_type": "rectangle",
      "flags": {}
    },
    {
      "label": "diode",
      "points": [
        [
          444.5425,
          157.6004
        ],
        [
          497.3408,
          195.0
        ]
      ],
      "group_id": null,
      "shape_type": "rectangle",
      "flags": {}
    }
  ],
  "imagePath": "1937.jpg",
  "imageData": null,
  "imageHeight": 405,
  "imageWidth": 540
}