{
  "version": "5.1.1",
  "flags": {},
  "shapes": [
    {
      "label": "port",
      "points": [
        [
          261.269,
          69.1797
        ],
        [
          269.7665,
          80.0143
        ]
      ],
      "group_id": null,
      "shape_type": "rectangle",
      "flags": {}
    },
    {
      "label": "port",
      "points": [
        [
          18.7115,
          99.3393
        ],
        [
          28.0705,
          112.4442
        ]
      ],
      "group_id": null,
      "shape_type": "rectangle",
      "flags": {}
    },
    {
      "label": "port",
      "points": [
        [
          30.0811,
          6.733
        ],
        [
          37.0283,
          12.8014
        ]
      ],
      "group_id": null,
      "shape_type": "rectangle",
      "flags": {}
    },
    {
      "label": "port",
      "points": [
        [
          245.183,
          7.6001
        ],
        [
          251.6994,
          12.8006
        ]
      ],
      "group_id": null,
      "shape_type": "rectangle",
      "flags": {}
    },
    {
      "label": "gnd",
      "points": [
        [
          135.515,
          280.9615
        ],
        [
          170.3757,
          299.0
        ]
      ],
      "group_id": null,
      "shape_type": "rectangle",
      "flags": {}
    },
    {
      "label": "resistor",
      "points": [
        [
          215.7009,
          22.6701
        ],
        [
          234.8163,
          62.0168
        ]
      ],
      "group_id": null,
      "shape_type": "rectangle",
      "flags": {}
    },
    {
      "label": "resistor",
      "points": [
        [
          55.9006,
          20.6142
        ],
        [
          75.0195,
          59.9547
        ]
      ],
      "group_id": null,
      "shape_type": "rectangle",
      "flags": {}
    },
    {
      "label": "resistor",
      "points": [
        [
          55.9013,
          215.0717
        ],
        [
          75.0163,
          254.4101
        ]
      ],
      "group_id": null,
      "shape_type": "rectangle",
      "flags": {}
    },
    {
      "label": "resistor",
      "points": [
        [
          215.515,
          215.4542
        ],
        [
          234.6246,
          254.7921
        ]
      ],
      "group_id": null,
      "shape_type": "rectangle",
      "flags": {}
    },
    {
      "label": "npn",
      "points": [
        [
          117.9106,
          76.255
        ],
        [
          149.3983,
          135.4547
        ]
      ],
      "group_id": null,
      "shape_type": "rectangle",
      "flags": {}
    },
    {
      "label": "npn",
      "points": [
        [
          198.0918,
          141.4449
        ],
        [
          229.5771,
          200.6421
        ]
      ],
      "group_id": null,
      "shape_type": "rectangle",
      "flags": {}
    }
  ],
  "imagePath": "23.jpg",
  "imageData": null,
  "imageHeight": 299,
  "imageWidth": 316
}