{
  "version": "5.1.1",
  "flags": {},
  "shapes": [
    {
      "label": "npn",
      "points": [
        [
          269.0,
          180.0
        ],
        [
          291.0,
          219.0
        ]
      ],
      "group_id": null,
      "shape_type": "rectangle",
      "flags": {}
    },
    {
      "label": "gnd",
      "points": [
        [
          381.0,
          372.0
        ],
        [
          407.0,
          389.0
        ]
      ],
      "group_id": null,
      "shape_type": "rectangle",
      "flags": {}
    },
    {
      "label": "resistor",
      "points": [
        [
          384.0,
          286.0
        ],
        [
          405.0,
          327.0
        ]
      ],
      "group_id": null,
      "shape_type": "rectangle",
      "flags": {}
    },
    {
      "label": "gnd",
      "points": [
        [
          52.0,
          352.0
        ],
        [
          79.0,
          371.0
        ]
      ],
      "group_id": null,
      "shape_type": "rectangle",
      "flags": {}
    },
    {
      "label": "gnd",
      "points": [
        [
          275.0,
          373.0
        ],
        [
          301.0,
          389.0
        ]
      ],
      "group_id": null,
      "shape_type": "rectangle",
      "flags": {}
    },
    {
      "label": "voltage",
      "points": [
        [
          45.0,
          248.7033
        ],
        [
          86.0,
          298.0
        ]
      ],
      "group_id": null,
      "shape_type": "rectangle",
      "flags": {}
    },
    {
      "label": "capacitor",
      "points": [
        [
          170.0,
          187.0
        ],
        [
          183.0,
          213.0
        ]
      ],
      "group_id": null,
      "shape_type": "rectangle",
      "flags": {}
    },
    {
      "label": "capacitor",
      "points": [
        [
          334.0,
          245.0
        ],
        [
          348.0,
          271.0
        ]
      ],
      "group_id": null,
      "shape_type": "rectangle",
      "flags": {}
    },
    {
      "label": "port",
      "points": [
        [
          127.0,
          291.0
        ],
        [
          139.0,
          302.0
        ]
      ],
      "group_id": null,
      "shape_type": "rectangle",
      "flags": {}
    },
    {
      "label": "resistor",
      "points": [
        [
          211.0,
          115.0
        ],
        [
          230.0,
          152.0
        ]
      ],
      "group_id": null,
      "shape_type": "rectangle",
      "flags": {}
    },
    {
      "label": "port",
      "points": [
        [
          435.0,
          252.0
        ],
        [
          448.0,
          264.0
        ]
      ],
      "group_id": null,
      "shape_type": "rectangle",
      "flags": {}
    },
    {
      "label": "resistor",
      "points": [
        [
          84.0,
          190.0
        ],
        [
          123.0,
          210.0
        ]
      ],
      "group_id": null,
      "shape_type": "rectangle",
      "flags": {}
    },
    {
      "label": "resistor",
      "points": [
        [
          279.0,
          287.0
        ],
        [
          298.0,
          327.0
        ]
      ],
      "group_id": null,
      "shape_type": "rectangle",
      "flags": {}
    },
    {
      "label": "port",
      "points": [
        [
          207.9615,
          37.1088
        ],
        [
          233.2812,
          59.4295
        ]
      ],
      "group_id": null,
      "shape_type": "rectangle",
      "flags": {}
    },
    {
      "label": "port",
      "points": [
        [
          274.4982,
          84.7436
        ],
        [
          301.5398,
          109.6327
        ]
      ],
      "group_id": null,
      "shape_type": "rectangle",
      "flags": {}
    }
  ],
  "imagePath": "2493.jpg",
  "imageData": null,
  "imageHeight": 411,
  "imageWidth": 538
}