{
  "version": "5.1.1",
  "flags": {},
  "shapes": [
    {
      "label": "nmos-cross",
      "points": [
        [
          170.0,
          379.0
        ],
        [
          212.0,
          432.0
        ]
      ],
      "group_id": null,
      "shape_type": "rectangle",
      "flags": {}
    },
    {
      "label": "nmos",
      "points": [
        [
          557.0,
          267.0
        ],
        [
          599.0,
          321.0
        ]
      ],
      "group_id": null,
      "shape_type": "rectangle",
      "flags": {}
    },
    {
      "label": "nmos",
      "points": [
        [
          286.0,
          264.0
        ],
        [
          328.0,
          319.0
        ]
      ],
      "group_id": null,
      "shape_type": "rectangle",
      "flags": {}
    },
    {
      "label": "pmos",
      "points": [
        [
          557.0,
          72.0
        ],
        [
          599.0,
          125.0
        ]
      ],
      "group_id": null,
      "shape_type": "rectangle",
      "flags": {}
    },
    {
      "label": "capacitor",
      "points": [
        [
          508.0,
          215.0
        ],
        [
          533.0,
          260.0
        ]
      ],
      "group_id": null,
      "shape_type": "rectangle",
      "flags": {}
    },
    {
      "label": "cross-line-curved",
      "points": [
        [
          200.0,
          361.0
        ],
        [
          216.0,
          372.0
        ]
      ],
      "group_id": null,
      "shape_type": "rectangle",
      "flags": {}
    },
    {
      "label": "pmos",
      "points": [
        [
          118.0,
          71.0
        ],
        [
          162.0,
          125.0
        ]
      ],
      "group_id": null,
      "shape_type": "rectangle",
      "flags": {}
    },
    {
      "label": "port",
      "points": [
        [
          706.0,
          228.0
        ],
        [
          722.0,
          245.0
        ]
      ],
      "group_id": null,
      "shape_type": "rectangle",
      "flags": {}
    },
    {
      "label": "capacitor",
      "points": [
        [
          656.0,
          282.0
        ],
        [
          702.0,
          306.0
        ]
      ],
      "group_id": null,
      "shape_type": "rectangle",
      "flags": {}
    },
    {
      "label": "pmos",
      "points": [
        [
          252.0,
          71.0
        ],
        [
          295.0,
          125.0
        ]
      ],
      "group_id": null,
      "shape_type": "rectangle",
      "flags": {}
    },
    {
      "label": "nmos",
      "points": [
        [
          83.0,
          263.0
        ],
        [
          127.0,
          317.0
        ]
      ],
      "group_id": null,
      "shape_type": "rectangle",
      "flags": {}
    },
    {
      "label": "gnd",
      "points": [
        [
          660.0,
          349.0
        ],
        [
          698.0,
          371.0
        ]
      ],
      "group_id": null,
      "shape_type": "rectangle",
      "flags": {}
    },
    {
      "label": "nmos",
      "points": [
        [
          555.0,
          377.0
        ],
        [
          599.0,
          432.0
        ]
      ],
      "group_id": null,
      "shape_type": "rectangle",
      "flags": {}
    },
    {
      "label": "resistor",
      "points": [
        [
          391.0,
          222.0
        ],
        [
          452.0,
          254.0
        ]
      ],
      "group_id": null,
      "shape_type": "rectangle",
      "flags": {}
    },
    {
      "label": "pmos",
      "points": [
        [
          556.0,
          155.0
        ],
        [
          598.0,
          208.0
        ]
      ],
      "group_id": null,
      "shape_type": "rectangle",
      "flags": {}
    },
    {
      "label": "port",
      "points": [
        [
          42.0,
          361.0
        ],
        [
          58.0,
          378.0
        ]
      ],
      "group_id": null,
      "shape_type": "rectangle",
      "flags": {}
    },
    {
      "label": "port",
      "points": [
        [
          42.0,
          283.0
        ],
        [
          58.0,
          299.0
        ]
      ],
      "group_id": null,
      "shape_type": "rectangle",
      "flags": {}
    },
    {
      "label": "gnd",
      "points": [
        [
          192.0,
          455.0
        ],
        [
          223.0,
          465.0
        ]
      ],
      "group_id": null,
      "shape_type": "rectangle",
      "flags": {}
    },
    {
      "label": "port",
      "points": [
        [
          128.2524,
          397.7542
        ],
        [
          144.251,
          414.7566
        ]
      ],
      "group_id": null,
      "shape_type": "rectangle",
      "flags": {}
    },
    {
      "label": "vdd",
      "points": [
        [
          281.9171,
          37.6369
        ],
        [
          296.2423,
          57.5616
        ]
      ],
      "group_id": null,
      "shape_type": "rectangle",
      "flags": {}
    },
    {
      "label": "port",
      "points": [
        [
          127.7341,
          451.7508
        ],
        [
          143.7303,
          468.7562
        ]
      ],
      "group_id": null,
      "shape_type": "rectangle",
      "flags": {}
    }
  ],
  "imagePath": "book_1_image_404.png",
  "imageData": null,
  "imageHeight": 501,
  "imageWidth": 790
}