{
  "version": "5.1.1",
  "flags": {},
  "shapes": [
    {
      "label": "port",
      "points": [
        [
          595.0,
          194.0
        ],
        [
          613.0,
          209.0
        ]
      ],
      "group_id": null,
      "shape_type": "rectangle",
      "flags": {}
    },
    {
      "label": "vdd",
      "points": [
        [
          440.0,
          43.0
        ],
        [
          468.0,
          57.0
        ]
      ],
      "group_id": null,
      "shape_type": "rectangle",
      "flags": {}
    },
    {
      "label": "pmos",
      "points": [
        [
          637.0,
          175.0
        ],
        [
          679.0,
          228.0
        ]
      ],
      "group_id": null,
      "shape_type": "rectangle",
      "flags": {}
    },
    {
      "label": "nmos",
      "points": [
        [
          283.0,
          270.0
        ],
        [
          326.0,
          324.0
        ]
      ],
      "group_id": null,
      "shape_type": "rectangle",
      "flags": {}
    },
    {
      "label": "pmos",
      "points": [
        [
          117.0,
          160.0
        ],
        [
          159.0,
          214.0
        ]
      ],
      "group_id": null,
      "shape_type": "rectangle",
      "flags": {}
    },
    {
      "label": "nmos",
      "points": [
        [
          80.0,
          269.0
        ],
        [
          123.0,
          323.0
        ]
      ],
      "group_id": null,
      "shape_type": "rectangle",
      "flags": {}
    },
    {
      "label": "pmos",
      "points": [
        [
          414.0,
          162.0
        ],
        [
          456.0,
          214.0
        ]
      ],
      "group_id": null,
      "shape_type": "rectangle",
      "flags": {}
    },
    {
      "label": "nmos",
      "points": [
        [
          637.0,
          396.0
        ],
        [
          679.0,
          449.0
        ]
      ],
      "group_id": null,
      "shape_type": "rectangle",
      "flags": {}
    },
    {
      "label": "cross-line-curved",
      "points": [
        [
          556.0,
          333.0
        ],
        [
          570.0,
          345.0
        ]
      ],
      "group_id": null,
      "shape_type": "rectangle",
      "flags": {}
    },
    {
      "label": "cross-line-curved",
      "points": [
        [
          279.0,
          181.0
        ],
        [
          294.0,
          191.0
        ]
      ],
      "group_id": null,
      "shape_type": "rectangle",
      "flags": {}
    },
    {
      "label": "gnd",
      "points": [
        [
          731.0,
          391.0
        ],
        [
          768.0,
          411.0
        ]
      ],
      "group_id": null,
      "shape_type": "rectangle",
      "flags": {}
    },
    {
      "label": "cross-line-curved",
      "points": [
        [
          196.0,
          366.0
        ],
        [
          214.0,
          378.0
        ]
      ],
      "group_id": null,
      "shape_type": "rectangle",
      "flags": {}
    },
    {
      "label": "pmos",
      "points": [
        [
          636.0,
          77.0
        ],
        [
          679.0,
          131.0
        ]
      ],
      "group_id": null,
      "shape_type": "rectangle",
      "flags": {}
    },
    {
      "label": "pmos",
      "points": [
        [
          283.0,
          77.0
        ],
        [
          325.0,
          130.0
        ]
      ],
      "group_id": null,
      "shape_type": "rectangle",
      "flags": {}
    },
    {
      "label": "port",
      "points": [
        [
          408.0,
          333.0
        ],
        [
          425.0,
          348.0
        ]
      ],
      "group_id": null,
      "shape_type": "rectangle",
      "flags": {}
    },
    {
      "label": "port",
      "points": [
        [
          38.0,
          289.0
        ],
        [
          54.0,
          305.0
        ]
      ],
      "group_id": null,
      "shape_type": "rectangle",
      "flags": {}
    },
    {
      "label": "nmos",
      "points": [
        [
          636.0,
          314.0
        ],
        [
          678.0,
          368.0
        ]
      ],
      "group_id": null,
      "shape_type": "rectangle",
      "flags": {}
    },
    {
      "label": "nmos",
      "points": [
        [
          165.0,
          412.0
        ],
        [
          207.0,
          465.0
        ]
      ],
      "group_id": null,
      "shape_type": "rectangle",
      "flags": {}
    },
    {
      "label": "nmos",
      "points": [
        [
          450.0,
          396.0
        ],
        [
          492.0,
          449.0
        ]
      ],
      "group_id": null,
      "shape_type": "rectangle",
      "flags": {}
    },
    {
      "label": "port",
      "points": [
        [
          769.0,
          270.0
        ],
        [
          785.0,
          286.0
        ]
      ],
      "group_id": null,
      "shape_type": "rectangle",
      "flags": {}
    },
    {
      "label": "port",
      "points": [
        [
          38.0,
          367.0
        ],
        [
          54.0,
          383.0
        ]
      ],
      "group_id": null,
      "shape_type": "rectangle",
      "flags": {}
    },
    {
      "label": "cross-line-curved",
      "points": [
        [
          446.0,
          98.0
        ],
        [
          461.0,
          109.0
        ]
      ],
      "group_id": null,
      "shape_type": "rectangle",
      "flags": {}
    },
    {
      "label": "nmos-cross",
      "points": [
        [
          449.0,
          315.0
        ],
        [
          493.0,
          368.0
        ]
      ],
      "group_id": null,
      "shape_type": "rectangle",
      "flags": {}
    },
    {
      "label": "capacitor",
      "points": [
        [
          725.0,
          323.0
        ],
        [
          774.0,
          348.0
        ]
      ],
      "group_id": null,
      "shape_type": "rectangle",
      "flags": {}
    },
    {
      "label": "port",
      "points": [
        [
          123.6968,
          488.8756
        ],
        [
          139.6978,
          504.8701
        ]
      ],
      "group_id": null,
      "shape_type": "rectangle",
      "flags": {}
    },
    {
      "label": "port",
      "points": [
        [
          121.4664,
          433.222
        ],
        [
          137.4684,
          449.2208
        ]
      ],
      "group_id": null,
      "shape_type": "rectangle",
      "flags": {}
    },
    {
      "label": "vdd",
      "points": [
        [
          273.6251,
          44.2181
        ],
        [
          301.6298,
          58.2168
        ]
      ],
      "group_id": null,
      "shape_type": "rectangle",
      "flags": {}
    }
  ],
  "imagePath": "book_1_image_405.png",
  "imageData": null,
  "imageHeight": 537,
  "imageWidth": 845
}