{
  "version": "5.1.1",
  "flags": {},
  "shapes": [
    {
      "label": "inductor",
      "points": [
        [
          36.0,
          31.0
        ],
        [
          49.0,
          54.0
        ]
      ],
      "group_id": null,
      "shape_type": "rectangle",
      "flags": {}
    },
    {
      "label": "nmos-bulk",
      "points": [
        [
          26.0,
          81.0
        ],
        [
          45.0,
          104.0
        ]
      ],
      "group_id": null,
      "shape_type": "rectangle",
      "flags": {}
    },
    {
      "label": "capacitor",
      "points": [
        [
          134.0,
          65.0
        ],
        [
          143.0,
          80.0
        ]
      ],
      "group_id": null,
      "shape_type": "rectangle",
      "flags": {}
    },
    {
      "label": "resistor",
      "points": [
        [
          237.0,
          85.0
        ],
        [
          249.0,
          113.0
        ]
      ],
      "group_id": null,
      "shape_type": "rectangle",
      "flags": {}
    },
    {
      "label": "gnd",
      "points": [
        [
          34.0,
          123.0
        ],
        [
          53.0,
          135.3015
        ]
      ],
      "group_id": null,
      "shape_type": "rectangle",
      "flags": {}
    },
    {
      "label": "inductor",
      "points": [
        [
          181.0,
          65.0
        ],
        [
          206.0,
          80.0
        ]
      ],
      "group_id": null,
      "shape_type": "rectangle",
      "flags": {}
    },
    {
      "label": "gnd",
      "points": [
        [
          74.0,
          123.0
        ],
        [
          93.0,
          134.0
        ]
      ],
      "group_id": null,
      "shape_type": "rectangle",
      "flags": {}
    },
    {
      "label": "gnd",
      "points": [
        [
          234.0,
          123.0
        ],
        [
          253.0,
          133.0
        ]
      ],
      "group_id": null,
      "shape_type": "rectangle",
      "flags": {}
    },
    {
      "label": "capacitor",
      "points": [
        [
          76.0,
          93.0
        ],
        [
          91.0,
          102.0
        ]
      ],
      "group_id": null,
      "shape_type": "rectangle",
      "flags": {}
    },
    {
      "label": "port",
      "points": [
        [
          34.2588,
          11.0592
        ],
        [
          52.0463,
          24.7301
        ]
      ],
      "group_id": null,
      "shape_type": "rectangle",
      "flags": {}
    }
  ],
  "imagePath": "2645.jpg",
  "imageData": null,
  "imageHeight": 156,
  "imageWidth": 273
}