{
  "version": "5.1.1",
  "flags": {},
  "shapes": [
    {
      "label": "voltage",
      "points": [
        [
          229.0,
          355.0
        ],
        [
          267.0,
          393.0
        ]
      ],
      "group_id": null,
      "shape_type": "rectangle",
      "flags": {}
    },
    {
      "label": "resistor",
      "points": [
        [
          289.0,
          306.0
        ],
        [
          322.0,
          323.0
        ]
      ],
      "group_id": null,
      "shape_type": "rectangle",
      "flags": {}
    },
    {
      "label": "capacitor",
      "points": [
        [
          715.0,
          220.0
        ],
        [
          730.0,
          254.0
        ]
      ],
      "group_id": null,
      "shape_type": "rectangle",
      "flags": {}
    },
    {
      "label": "resistor",
      "points": [
        [
          445.0,
          382.0
        ],
        [
          478.0,
          453.0
        ]
      ],
      "group_id": null,
      "shape_type": "rectangle",
      "flags": {}
    },
    {
      "label": "gnd",
      "points": [
        [
          707.0,
          482.0
        ],
        [
          732.0,
          495.0
        ]
      ],
      "group_id": null,
      "shape_type": "rectangle",
      "flags": {}
    },
    {
      "label": "capacitor",
      "points": [
        [
          392.0,
          299.0
        ],
        [
          406.0,
          333.0
        ]
      ],
      "group_id": null,
      "shape_type": "rectangle",
      "flags": {}
    },
    {
      "label": "resistor",
      "points": [
        [
          581.0,
          134.0
        ],
        [
          614.0,
          205.0
        ]
      ],
      "group_id": null,
      "shape_type": "rectangle",
      "flags": {}
    },
    {
      "label": "gnd",
      "points": [
        [
          449.0,
          482.0
        ],
        [
          475.0,
          495.0
        ]
      ],
      "group_id": null,
      "shape_type": "rectangle",
      "flags": {}
    },
    {
      "label": "resistor",
      "points": [
        [
          832.0,
          280.0
        ],
        [
          849.0,
          314.0
        ]
      ],
      "group_id": null,
      "shape_type": "rectangle",
      "flags": {}
    },
    {
      "label": "resistor",
      "points": [
        [
          580.0,
          382.0
        ],
        [
          612.0,
          453.0
        ]
      ],
      "group_id": null,
      "shape_type": "rectangle",
      "flags": {}
    },
    {
      "label": "gnd",
      "points": [
        [
          829.0,
          342.0
        ],
        [
          853.0,
          355.0
        ]
      ],
      "group_id": null,
      "shape_type": "rectangle",
      "flags": {}
    },
    {
      "label": "port",
      "points": [
        [
          588.0,
          72.0
        ],
        [
          606.0,
          89.0
        ]
      ],
      "group_id": null,
      "shape_type": "rectangle",
      "flags": {}
    },
    {
      "label": "capacitor",
      "points": [
        [
          701.0,
          429.0
        ],
        [
          737.0,
          444.0
        ]
      ],
      "group_id": null,
      "shape_type": "rectangle",
      "flags": {}
    },
    {
      "label": "gnd",
      "points": [
        [
          231.0,
          460.0
        ],
        [
          266.0,
          477.0
        ]
      ],
      "group_id": null,
      "shape_type": "rectangle",
      "flags": {}
    },
    {
      "label": "nmos-bulk",
      "points": [
        [
          557.2147,
          273.1034
        ],
        [
          612.3796,
          333.9687
        ]
      ],
      "group_id": null,
      "shape_type": "rectangle",
      "flags": {}
    },
    {
      "label": "port",
      "points": [
        [
          586.8757,
          488.7354
        ],
        [
          605.5054,
          512.3441
        ]
      ],
      "group_id": null,
      "shape_type": "rectangle",
      "flags": {}
    }
  ],
  "imagePath": "2650.jpg",
  "imageData": null,
  "imageHeight": 571,
  "imageWidth": 1024
}