{
  "version": "5.1.1",
  "flags": {},
  "shapes": [
    {
      "label": "gnd",
      "points": [
        [
          140.0,
          261.0
        ],
        [
          158.0,
          269.0
        ]
      ],
      "group_id": null,
      "shape_type": "rectangle",
      "flags": {}
    },
    {
      "label": "voltage",
      "points": [
        [
          22.0,
          168.0
        ],
        [
          47.0,
          194.0
        ]
      ],
      "group_id": null,
      "shape_type": "rectangle",
      "flags": {}
    },
    {
      "label": "nmos-bulk",
      "points": [
        [
          133.0,
          119.0
        ],
        [
          151.0,
          144.0
        ]
      ],
      "group_id": null,
      "shape_type": "rectangle",
      "flags": {}
    },
    {
      "label": "capacitor",
      "points": [
        [
          66.0,
          129.0
        ],
        [
          77.0,
          150.0
        ]
      ],
      "group_id": null,
      "shape_type": "rectangle",
      "flags": {}
    },
    {
      "label": "resistor",
      "points": [
        [
          144.0,
          163.0
        ],
        [
          156.0,
          191.0
        ]
      ],
      "group_id": null,
      "shape_type": "rectangle",
      "flags": {}
    },
    {
      "label": "gnd",
      "points": [
        [
          188.0,
          260.0
        ],
        [
          208.0,
          270.0
        ]
      ],
      "group_id": null,
      "shape_type": "rectangle",
      "flags": {}
    },
    {
      "label": "resistor",
      "points": [
        [
          144.0,
          48.0
        ],
        [
          156.0,
          75.0
        ]
      ],
      "group_id": null,
      "shape_type": "rectangle",
      "flags": {}
    },
    {
      "label": "capacitor",
      "points": [
        [
          188.0,
          81.0
        ],
        [
          199.0,
          101.0
        ]
      ],
      "group_id": null,
      "shape_type": "rectangle",
      "flags": {}
    },
    {
      "label": "resistor",
      "points": [
        [
          226.0,
          113.0
        ],
        [
          237.0,
          142.0
        ]
      ],
      "group_id": null,
      "shape_type": "rectangle",
      "flags": {}
    },
    {
      "label": "gnd",
      "points": [
        [
          25.0,
          211.0
        ],
        [
          45.0,
          222.0
        ]
      ],
      "group_id": null,
      "shape_type": "rectangle",
      "flags": {}
    },
    {
      "label": "resistor",
      "points": [
        [
          144.0,
          220.0
        ],
        [
          155.0,
          248.0
        ]
      ],
      "group_id": null,
      "shape_type": "rectangle",
      "flags": {}
    },
    {
      "label": "gnd",
      "points": [
        [
          99.0,
          203.0
        ],
        [
          117.0,
          213.0
        ]
      ],
      "group_id": null,
      "shape_type": "rectangle",
      "flags": {}
    },
    {
      "label": "resistor",
      "points": [
        [
          103.0,
          163.0
        ],
        [
          115.0,
          191.0
        ]
      ],
      "group_id": null,
      "shape_type": "rectangle",
      "flags": {}
    },
    {
      "label": "capacitor",
      "points": [
        [
          188.0,
          229.0
        ],
        [
          208.0,
          239.0
        ]
      ],
      "group_id": null,
      "shape_type": "rectangle",
      "flags": {}
    },
    {
      "label": "gnd",
      "points": [
        [
          222.0,
          154.0
        ],
        [
          239.0,
          163.0
        ]
      ],
      "group_id": null,
      "shape_type": "rectangle",
      "flags": {}
    },
    {
      "label": "port",
      "points": [
        [
          146.0,
          23.0
        ],
        [
          151.0,
          28.0
        ]
      ],
      "group_id": null,
      "shape_type": "rectangle",
      "flags": {}
    }
  ],
  "imagePath": "2710.jpg",
  "imageData": null,
  "imageHeight": 275,
  "imageWidth": 259
}