{
  "version": "5.1.1",
  "flags": {},
  "shapes": [
    {
      "label": "pmos",
      "points": [
        [
          242.0,
          90.0
        ],
        [
          285.0,
          143.0
        ]
      ],
      "group_id": null,
      "shape_type": "rectangle",
      "flags": {}
    },
    {
      "label": "nmos",
      "points": [
        [
          294.0,
          342.0
        ],
        [
          333.0,
          394.0
        ]
      ],
      "group_id": null,
      "shape_type": "rectangle",
      "flags": {}
    },
    {
      "label": "cross-line-curved",
      "points": [
        [
          323.0,
          325.0
        ],
        [
          340.0,
          335.0
        ]
      ],
      "group_id": null,
      "shape_type": "rectangle",
      "flags": {}
    },
    {
      "label": "gnd",
      "points": [
        [
          451.0,
          438.0
        ],
        [
          487.0,
          460.0
        ]
      ],
      "group_id": null,
      "shape_type": "rectangle",
      "flags": {}
    },
    {
      "label": "nmos",
      "points": [
        [
          409.0,
          228.0
        ],
        [
          452.0,
          282.0
        ]
      ],
      "group_id": null,
      "shape_type": "rectangle",
      "flags": {}
    },
    {
      "label": "pmos",
      "points": [
        [
          374.0,
          90.0
        ],
        [
          417.0,
          144.0
        ]
      ],
      "group_id": null,
      "shape_type": "rectangle",
      "flags": {}
    },
    {
      "label": "nmos",
      "points": [
        [
          205.0,
          228.0
        ],
        [
          249.0,
          282.0
        ]
      ],
      "group_id": null,
      "shape_type": "rectangle",
      "flags": {}
    },
    {
      "label": "current",
      "points": [
        [
          438.0,
          347.0
        ],
        [
          500.0,
          410.0
        ]
      ],
      "group_id": null,
      "shape_type": "rectangle",
      "flags": {}
    },
    {
      "label": "port",
      "points": [
        [
          251.7221,
          418.1384
        ],
        [
          262.7202,
          428.1379
        ]
      ],
      "group_id": null,
      "shape_type": "rectangle",
      "flags": {}
    },
    {
      "label": "port",
      "points": [
        [
          253.7259,
          361.4709
        ],
        [
          264.7212,
          371.4777
        ]
      ],
      "group_id": null,
      "shape_type": "rectangle",
      "flags": {}
    },
    {
      "label": "port",
      "points": [
        [
          391.1977,
          418.8583
        ],
        [
          402.1916,
          428.8516
        ]
      ],
      "group_id": null,
      "shape_type": "rectangle",
      "flags": {}
    }
  ],
  "imagePath": "book_1_image_409.png",
  "imageData": null,
  "imageHeight": 462,
  "imageWidth": 508
}