{
  "version": "5.1.1",
  "flags": {},
  "shapes": [
    {
      "label": "diode",
      "points": [
        [
          761.0,
          675.0
        ],
        [
          786.0,
          697.0
        ]
      ],
      "group_id": null,
      "shape_type": "rectangle",
      "flags": {}
    },
    {
      "label": "resistor",
      "points": [
        [
          858.0,
          508.0
        ],
        [
          886.0,
          524.0
        ]
      ],
      "group_id": null,
      "shape_type": "rectangle",
      "flags": {}
    },
    {
      "label": "pnp",
      "points": [
        [
          438.0,
          498.0
        ],
        [
          478.0,
          538.0
        ]
      ],
      "group_id": null,
      "shape_type": "rectangle",
      "flags": {}
    },
    {
      "label": "diode",
      "points": [
        [
          207.0,
          265.0
        ],
        [
          230.0,
          287.0
        ]
      ],
      "group_id": null,
      "shape_type": "rectangle",
      "flags": {}
    },
    {
      "label": "resistor",
      "points": [
        [
          507.0,
          168.0
        ],
        [
          523.0,
          201.0
        ]
      ],
      "group_id": null,
      "shape_type": "rectangle",
      "flags": {}
    },
    {
      "label": "npn",
      "points": [
        [
          827.0,
          220.0
        ],
        [
          863.0,
          266.0
        ]
      ],
      "group_id": null,
      "shape_type": "rectangle",
      "flags": {}
    },
    {
      "label": "resistor",
      "points": [
        [
          294.0,
          208.0
        ],
        [
          310.0,
          241.0
        ]
      ],
      "group_id": null,
      "shape_type": "rectangle",
      "flags": {}
    },
    {
      "label": "npn",
      "points": [
        [
          742.0,
          277.0
        ],
        [
          776.0,
          323.0
        ]
      ],
      "group_id": null,
      "shape_type": "rectangle",
      "flags": {}
    },
    {
      "label": "pnp",
      "points": [
        [
          337.0,
          277.0
        ],
        [
          370.0,
          320.0
        ]
      ],
      "group_id": null,
      "shape_type": "rectangle",
      "flags": {}
    },
    {
      "label": "resistor",
      "points": [
        [
          852.0,
          336.0
        ],
        [
          869.0,
          369.0
        ]
      ],
      "group_id": null,
      "shape_type": "rectangle",
      "flags": {}
    },
    {
      "label": "diode",
      "points": [
        [
          288.0,
          98.0
        ],
        [
          313.0,
          119.0
        ]
      ],
      "group_id": null,
      "shape_type": "rectangle",
      "flags": {}
    },
    {
      "label": "pnp",
      "points": [
        [
          742.0,
          112.0
        ],
        [
          776.0,
          158.0
        ]
      ],
      "group_id": null,
      "shape_type": "rectangle",
      "flags": {}
    },
    {
      "label": "diode",
      "points": [
        [
          206.0,
          214.0
        ],
        [
          230.0,
          236.0
        ]
      ],
      "group_id": null,
      "shape_type": "rectangle",
      "flags": {}
    },
    {
      "label": "npn",
      "points": [
        [
          770.0,
          496.0
        ],
        [
          807.0,
          540.0
        ]
      ],
      "group_id": null,
      "shape_type": "rectangle",
      "flags": {}
    },
    {
      "label": "npn",
      "points": [
        [
          605.0,
          275.0
        ],
        [
          642.0,
          321.0
        ]
      ],
      "group_id": null,
      "shape_type": "rectangle",
      "flags": {}
    },
    {
      "label": "npn",
      "points": [
        [
          909.0,
          275.0
        ],
        [
          946.0,
          322.0
        ]
      ],
      "group_id": null,
      "shape_type": "rectangle",
      "flags": {}
    },
    {
      "label": "diode",
      "points": [
        [
          206.0,
          97.0
        ],
        [
          231.0,
          119.0
        ]
      ],
      "group_id": null,
      "shape_type": "rectangle",
      "flags": {}
    },
    {
      "label": "resistor",
      "points": [
        [
          685.0,
          362.0
        ],
        [
          702.0,
          392.0
        ]
      ],
      "group_id": null,
      "shape_type": "rectangle",
      "flags": {}
    },
    {
      "label": "diode",
      "points": [
        [
          207.0,
          159.0
        ],
        [
          230.0,
          180.0
        ]
      ],
      "group_id": null,
      "shape_type": "rectangle",
      "flags": {}
    },
    {
      "label": "port",
      "points": [
        [
          759.5042,
          732.0673
        ],
        [
          794.3257,
          770.6152
        ]
      ],
      "group_id": null,
      "shape_type": "rectangle",
      "flags": {}
    },
    {
      "label": "port",
      "points": [
        [
          967.6831,
          498.0
        ],
        [
          999.9164,
          539.5484
        ]
      ],
      "group_id": null,
      "shape_type": "rectangle",
      "flags": {}
    },
    {
      "label": "port",
      "points": [
        [
          962.68,
          389.1329
        ],
        [
          999.1971,
          428.5217
        ]
      ],
      "group_id": null,
      "shape_type": "rectangle",
      "flags": {}
    },
    {
      "label": "port",
      "points": [
        [
          962.0228,
          61.4058
        ],
        [
          999.9893,
          102.2211
        ]
      ],
      "group_id": null,
      "shape_type": "rectangle",
      "flags": {}
    },
    {
      "label": "port",
      "points": [
        [
          497.2187,
          11.9893
        ],
        [
          531.5951,
          52.0921
        ]
      ],
      "group_id": null,
      "shape_type": "rectangle",
      "flags": {}
    },
    {
      "label": "port",
      "points": [
        [
          51.807,
          550.9245
        ],
        [
          85.4615,
          592.4611
        ]
      ],
      "group_id": null,
      "shape_type": "rectangle",
      "flags": {}
    },
    {
      "label": "npn",
      "points": [
        [
          200.5184,
          554.4052
        ],
        [
          231.0876,
          593.2235
        ]
      ],
      "group_id": null,
      "shape_type": "rectangle",
      "flags": {}
    },
    {
      "label": "port",
      "points": [
        [
          48.9404,
          275.1921
        ],
        [
          86.9033,
          315.2947
        ]
      ],
      "group_id": null,
      "shape_type": "rectangle",
      "flags": {}
    },
    {
      "label": "port",
      "points": [
        [
          960.6002,
          204.6492
        ],
        [
          1000.7007,
          243.3255
        ]
      ],
      "group_id": null,
      "shape_type": "rectangle",
      "flags": {}
    },
    {
      "label": "port",
      "points": [
        [
          48.2211,
          636.8741
        ],
        [
          80.4513,
          674.8389
        ]
      ],
      "group_id": null,
      "shape_type": "rectangle",
      "flags": {}
    },
    {
      "label": "npn",
      "points": [
        [
          390.3,
          554.4007
        ],
        [
          420.8788,
          593.2202
        ]
      ],
      "group_id": null,
      "shape_type": "rectangle",
      "flags": {}
    },
    {
      "label": "npn",
      "points": [
        [
          306.5159,
          553.6801
        ],
        [
          337.0885,
          592.5185
        ]
      ],
      "group_id": null,
      "shape_type": "rectangle",
      "flags": {}
    },
    {
      "label": "npn",
      "points": [
        [
          119.2312,
          553.6724
        ],
        [
          149.8098,
          592.5011
        ]
      ],
      "group_id": null,
      "shape_type": "rectangle",
      "flags": {}
    }
  ],
  "imagePath": "2780.jpg",
  "imageData": null,
  "imageHeight": 823,
  "imageWidth": 1024
}