{
  "version": "5.1.1",
  "flags": {},
  "shapes": [
    {
      "label": "current",
      "points": [
        [
          149.0,
          15.0
        ],
        [
          174.0,
          48.0
        ]
      ],
      "group_id": null,
      "shape_type": "rectangle",
      "flags": {}
    },
    {
      "label": "resistor",
      "points": [
        [
          56.0,
          143.0
        ],
        [
          64.0,
          162.0
        ]
      ],
      "group_id": null,
      "shape_type": "rectangle",
      "flags": {}
    },
    {
      "label": "port",
      "points": [
        [
          328.0,
          238.0
        ],
        [
          334.0,
          244.0
        ]
      ],
      "group_id": null,
      "shape_type": "rectangle",
      "flags": {}
    },
    {
      "label": "resistor",
      "points": [
        [
          56.0,
          207.0
        ],
        [
          64.0,
          227.0
        ]
      ],
      "group_id": null,
      "shape_type": "rectangle",
      "flags": {}
    },
    {
      "label": "npn",
      "points": [
        [
          288.0,
          47.0
        ],
        [
          309.0,
          79.0
        ]
      ],
      "group_id": null,
      "shape_type": "rectangle",
      "flags": {}
    },
    {
      "label": "resistor",
      "points": [
        [
          91.0,
          36.0
        ],
        [
          100.0,
          56.0
        ]
      ],
      "group_id": null,
      "shape_type": "rectangle",
      "flags": {}
    },
    {
      "label": "resistor",
      "points": [
        [
          91.0,
          101.0
        ],
        [
          99.0,
          120.0
        ]
      ],
      "group_id": null,
      "shape_type": "rectangle",
      "flags": {}
    },
    {
      "label": "single-end-amp",
      "points": [
        [
          229.0,
          45.0
        ],
        [
          262.0,
          79.0
        ]
      ],
      "group_id": null,
      "shape_type": "rectangle",
      "flags": {}
    },
    {
      "label": "current",
      "points": [
        [
          192.0,
          11.0
        ],
        [
          216.0,
          44.0
        ]
      ],
      "group_id": null,
      "shape_type": "rectangle",
      "flags": {}
    },
    {
      "label": "pnp",
      "points": [
        [
          77.0,
          174.0
        ],
        [
          96.0,
          206.0
        ]
      ],
      "group_id": null,
      "shape_type": "rectangle",
      "flags": {}
    },
    {
      "label": "port",
      "points": [
        [
          27.0,
          186.0
        ],
        [
          34.0,
          194.0
        ]
      ],
      "group_id": null,
      "shape_type": "rectangle",
      "flags": {}
    },
    {
      "label": "port",
      "points": [
        [
          328.0,
          2.0
        ],
        [
          334.0,
          8.0
        ]
      ],
      "group_id": null,
      "shape_type": "rectangle",
      "flags": {}
    },
    {
      "label": "npn",
      "points": [
        [
          144.0,
          68.0
        ],
        [
          163.0,
          99.0
        ]
      ],
      "group_id": null,
      "shape_type": "rectangle",
      "flags": {}
    },
    {
      "label": "current",
      "points": [
        [
          191.0,
          180.0
        ],
        [
          215.0,
          212.0
        ]
      ],
      "group_id": null,
      "shape_type": "rectangle",
      "flags": {}
    },
    {
      "label": "npn",
      "points": [
        [
          184.0,
          120.0
        ],
        [
          206.0,
          151.0
        ]
      ],
      "group_id": null,
      "shape_type": "rectangle",
      "flags": {}
    },
    {
      "label": "resistor",
      "points": [
        [
          91.0,
          148.0
        ],
        [
          99.0,
          167.0
        ]
      ],
      "group_id": null,
      "shape_type": "rectangle",
      "flags": {}
    }
  ],
  "imagePath": "2819.jpg",
  "imageData": null,
  "imageHeight": 269,
  "imageWidth": 379
}