{
  "version": "5.1.1",
  "flags": {},
  "shapes": [
    {
      "label": "pnp",
      "points": [
        [
          109.0,
          176.0
        ],
        [
          131.0,
          213.0
        ]
      ],
      "group_id": null,
      "shape_type": "rectangle",
      "flags": {}
    },
    {
      "label": "port",
      "points": [
        [
          432.0,
          16.0
        ],
        [
          439.0,
          25.0
        ]
      ],
      "group_id": null,
      "shape_type": "rectangle",
      "flags": {}
    },
    {
      "label": "diode",
      "points": [
        [
          370.0,
          181.0
        ],
        [
          391.0,
          207.0
        ]
      ],
      "group_id": null,
      "shape_type": "rectangle",
      "flags": {}
    },
    {
      "label": "port",
      "points": [
        [
          430.0,
          448.0
        ],
        [
          440.0,
          459.0
        ]
      ],
      "group_id": null,
      "shape_type": "rectangle",
      "flags": {}
    },
    {
      "label": "diode",
      "points": [
        [
          367.0,
          210.0
        ],
        [
          388.0,
          234.0
        ]
      ],
      "group_id": null,
      "shape_type": "rectangle",
      "flags": {}
    },
    {
      "label": "port",
      "points": [
        [
          37.0,
          240.0
        ],
        [
          47.0,
          250.0
        ]
      ],
      "group_id": null,
      "shape_type": "rectangle",
      "flags": {}
    },
    {
      "label": "resistor",
      "points": [
        [
          119.0,
          312.0
        ],
        [
          135.0,
          345.0
        ]
      ],
      "group_id": null,
      "shape_type": "rectangle",
      "flags": {}
    },
    {
      "label": "current",
      "points": [
        [
          346.0,
          29.0
        ],
        [
          367.0,
          66.0
        ]
      ],
      "group_id": null,
      "shape_type": "rectangle",
      "flags": {}
    },
    {
      "label": "npn",
      "points": [
        [
          109.0,
          265.0
        ],
        [
          131.0,
          299.0
        ]
      ],
      "group_id": null,
      "shape_type": "rectangle",
      "flags": {}
    },
    {
      "label": "pnp",
      "points": [
        [
          388.0,
          340.0
        ],
        [
          409.0,
          376.0
        ]
      ],
      "group_id": null,
      "shape_type": "rectangle",
      "flags": {}
    },
    {
      "label": "resistor",
      "points": [
        [
          397.0,
          271.0
        ],
        [
          415.0,
          303.0
        ]
      ],
      "group_id": null,
      "shape_type": "rectangle",
      "flags": {}
    },
    {
      "label": "diode",
      "points": [
        [
          345.0,
          301.0
        ],
        [
          369.0,
          323.0
        ]
      ],
      "group_id": null,
      "shape_type": "rectangle",
      "flags": {}
    },
    {
      "label": "npn",
      "points": [
        [
          125.0,
          57.0
        ],
        [
          146.0,
          92.0
        ]
      ],
      "group_id": null,
      "shape_type": "rectangle",
      "flags": {}
    },
    {
      "label": "npn",
      "points": [
        [
          389.0,
          101.0
        ],
        [
          410.0,
          135.0
        ]
      ],
      "group_id": null,
      "shape_type": "rectangle",
      "flags": {}
    },
    {
      "label": "resistor",
      "points": [
        [
          398.0,
          146.0
        ],
        [
          415.0,
          179.0
        ]
      ],
      "group_id": null,
      "shape_type": "rectangle",
      "flags": {}
    },
    {
      "label": "diode",
      "points": [
        [
          270.0,
          209.0
        ],
        [
          291.0,
          234.0
        ]
      ],
      "group_id": null,
      "shape_type": "rectangle",
      "flags": {}
    },
    {
      "label": "diode",
      "points": [
        [
          287.0,
          301.0
        ],
        [
          311.0,
          324.0
        ]
      ],
      "group_id": null,
      "shape_type": "rectangle",
      "flags": {}
    },
    {
      "label": "resistor",
      "points": [
        [
          118.0,
          134.0
        ],
        [
          139.0,
          170.0
        ]
      ],
      "group_id": null,
      "shape_type": "rectangle",
      "flags": {}
    },
    {
      "label": "port",
      "points": [
        [
          439.0,
          239.0
        ],
        [
          445.0,
          245.0
        ]
      ],
      "group_id": null,
      "shape_type": "rectangle",
      "flags": {}
    },
    {
      "label": "pnp",
      "points": [
        [
          123.0,
          371.0
        ],
        [
          145.0,
          409.0
        ]
      ],
      "group_id": null,
      "shape_type": "rectangle",
      "flags": {}
    },
    {
      "label": "diode",
      "points": [
        [
          206.0,
          210.0
        ],
        [
          226.0,
          234.0
        ]
      ],
      "group_id": null,
      "shape_type": "rectangle",
      "flags": {}
    },
    {
      "label": "diode",
      "points": [
        [
          346.0,
          265.0
        ],
        [
          370.0,
          290.0
        ]
      ],
      "group_id": null,
      "shape_type": "rectangle",
      "flags": {}
    },
    {
      "label": "pnp",
      "points": [
        [
          339.5938,
          337.7822
        ],
        [
          360.5932,
          373.7867
        ]
      ],
      "group_id": null,
      "shape_type": "rectangle",
      "flags": {}
    },
    {
      "label": "diode",
      "points": [
        [
          287.264,
          263.1678
        ],
        [
          311.27,
          286.162
        ]
      ],
      "group_id": null,
      "shape_type": "rectangle",
      "flags": {}
    },
    {
      "label": "diode",
      "points": [
        [
          335.2036,
          208.9011
        ],
        [
          355.2051,
          232.9086
        ]
      ],
      "group_id": null,
      "shape_type": "rectangle",
      "flags": {}
    },
    {
      "label": "diode",
      "points": [
        [
          334.2237,
          182.0241
        ],
        [
          354.2233,
          206.0238
        ]
      ],
      "group_id": null,
      "shape_type": "rectangle",
      "flags": {}
    },
    {
      "label": "diode",
      "points": [
        [
          304.9056,
          208.4157
        ],
        [
          324.9082,
          232.4193
        ]
      ],
      "group_id": null,
      "shape_type": "rectangle",
      "flags": {}
    },
    {
      "label": "diode",
      "points": [
        [
          304.4134,
          182.9922
        ],
        [
          324.4194,
          206.997
        ]
      ],
      "group_id": null,
      "shape_type": "rectangle",
      "flags": {}
    },
    {
      "label": "diode",
      "points": [
        [
          271.6704,
          182.5066
        ],
        [
          291.6768,
          206.5018
        ]
      ],
      "group_id": null,
      "shape_type": "rectangle",
      "flags": {}
    },
    {
      "label": "diode",
      "points": [
        [
          235.5062,
          209.8706
        ],
        [
          255.5087,
          233.8736
        ]
      ],
      "group_id": null,
      "shape_type": "rectangle",
      "flags": {}
    },
    {
      "label": "diode",
      "points": [
        [
          236.4847,
          182.5062
        ],
        [
          256.4835,
          206.5085
        ]
      ],
      "group_id": null,
      "shape_type": "rectangle",
      "flags": {}
    },
    {
      "label": "diode",
      "points": [
        [
          205.6905,
          182.9948
        ],
        [
          225.6986,
          206.9986
        ]
      ],
      "group_id": null,
      "shape_type": "rectangle",
      "flags": {}
    },
    {
      "label": "npn",
      "points": [
        [
          280.854,
          101.4791
        ],
        [
          301.8509,
          135.4757
        ]
      ],
      "group_id": null,
      "shape_type": "rectangle",
      "flags": {}
    }
  ],
  "imagePath": "2840.jpg",
  "imageData": null,
  "imageHeight": 468,
  "imageWidth": 500
}