{
  "version": "5.1.1",
  "flags": {},
  "shapes": [
    {
      "label": "pmos",
      "points": [
        [
          1810.0,
          275.0
        ],
        [
          1998.0,
          442.0
        ]
      ],
      "group_id": null,
      "shape_type": "rectangle",
      "flags": {}
    },
    {
      "label": "pmos",
      "points": [
        [
          68.0,
          190.0
        ],
        [
          253.0,
          350.0
        ]
      ],
      "group_id": null,
      "shape_type": "rectangle",
      "flags": {}
    },
    {
      "label": "gnd",
      "points": [
        [
          1621.0,
          1681.0
        ],
        [
          1672.0,
          1715.0
        ]
      ],
      "group_id": null,
      "shape_type": "rectangle",
      "flags": {}
    },
    {
      "label": "pnp",
      "points": [
        [
          1377.0,
          1708.0
        ],
        [
          1526.0,
          1898.0
        ]
      ],
      "group_id": null,
      "shape_type": "rectangle",
      "flags": {}
    },
    {
      "label": "nmos",
      "points": [
        [
          839.0,
          873.0
        ],
        [
          985.0,
          1036.0
        ]
      ],
      "group_id": null,
      "shape_type": "rectangle",
      "flags": {}
    },
    {
      "label": "pmos",
      "points": [
        [
          1815.0,
          570.0
        ],
        [
          2001.0,
          736.0
        ]
      ],
      "group_id": null,
      "shape_type": "rectangle",
      "flags": {}
    },
    {
      "label": "resistor",
      "points": [
        [
          1461.0,
          1378.0
        ],
        [
          1550.0,
          1646.0
        ]
      ],
      "group_id": null,
      "shape_type": "rectangle",
      "flags": {}
    },
    {
      "label": "pmos",
      "points": [
        [
          836.0,
          568.0
        ],
        [
          1018.0,
          725.0
        ]
      ],
      "group_id": null,
      "shape_type": "rectangle",
      "flags": {}
    },
    {
      "label": "nmos",
      "points": [
        [
          81.0,
          1096.0
        ],
        [
          234.0,
          1270.0
        ]
      ],
      "group_id": null,
      "shape_type": "rectangle",
      "flags": {}
    },
    {
      "label": "gnd",
      "points": [
        [
          752.0,
          2108.0
        ],
        [
          852.0,
          2177.0
        ]
      ],
      "group_id": null,
      "shape_type": "rectangle",
      "flags": {}
    },
    {
      "label": "pmos",
      "points": [
        [
          830.0,
          280.0
        ],
        [
          1012.0,
          442.0
        ]
      ],
      "group_id": null,
      "shape_type": "rectangle",
      "flags": {}
    },
    {
      "label": "nmos",
      "points": [
        [
          1352.0,
          872.0
        ],
        [
          1495.0,
          1037.0
        ]
      ],
      "group_id": null,
      "shape_type": "rectangle",
      "flags": {}
    },
    {
      "label": "nmos",
      "points": [
        [
          843.0,
          1178.0
        ],
        [
          991.0,
          1341.0
        ]
      ],
      "group_id": null,
      "shape_type": "rectangle",
      "flags": {}
    },
    {
      "label": "nmos",
      "points": [
        [
          1344.0,
          1174.0
        ],
        [
          1509.0,
          1342.0
        ]
      ],
      "group_id": null,
      "shape_type": "rectangle",
      "flags": {}
    },
    {
      "label": "pmos",
      "points": [
        [
          1305.0,
          569.0
        ],
        [
          1487.0,
          725.0
        ]
      ],
      "group_id": null,
      "shape_type": "rectangle",
      "flags": {}
    },
    {
      "label": "pmos",
      "points": [
        [
          74.0,
          479.0
        ],
        [
          257.0,
          640.0
        ]
      ],
      "group_id": null,
      "shape_type": "rectangle",
      "flags": {}
    },
    {
      "label": "pmos",
      "points": [
        [
          1300.0,
          281.0
        ],
        [
          1476.0,
          437.0
        ]
      ],
      "group_id": null,
      "shape_type": "rectangle",
      "flags": {}
    },
    {
      "label": "pnp",
      "points": [
        [
          86.0,
          1704.0
        ],
        [
          224.0,
          1890.0
        ]
      ],
      "group_id": null,
      "shape_type": "rectangle",
      "flags": {}
    },
    {
      "label": "pnp",
      "points": [
        [
          844.0,
          1709.0
        ],
        [
          990.0,
          1893.0
        ]
      ],
      "group_id": null,
      "shape_type": "rectangle",
      "flags": {}
    },
    {
      "label": "nmos",
      "points": [
        [
          76.0,
          783.0
        ],
        [
          219.0,
          949.0
        ]
      ],
      "group_id": null,
      "shape_type": "rectangle",
      "flags": {}
    },
    {
      "label": "port",
      "points": [
        [
          2194.9484,
          879.4018
        ],
        [
          2243.1776,
          914.2379
        ]
      ],
      "group_id": null,
      "shape_type": "rectangle",
      "flags": {}
    },
    {
      "label": "nmos",
      "points": [
        [
          543.1871,
          701.9551
        ],
        [
          689.1843,
          864.9517
        ]
      ],
      "group_id": null,
      "shape_type": "rectangle",
      "flags": {}
    }
  ],
  "imagePath": "2856.jpg",
  "imageData": null,
  "imageHeight": 2217,
  "imageWidth": 2577
}