{
  "version": "5.1.1",
  "flags": {},
  "shapes": [
    {
      "label": "resistor",
      "points": [
        [
          163.0,
          265.0
        ],
        [
          208.0,
          349.0
        ]
      ],
      "group_id": null,
      "shape_type": "rectangle",
      "flags": {}
    },
    {
      "label": "resistor",
      "points": [
        [
          395.0,
          109.0
        ],
        [
          440.0,
          192.0
        ]
      ],
      "group_id": null,
      "shape_type": "rectangle",
      "flags": {}
    },
    {
      "label": "port",
      "points": [
        [
          531.0,
          62.0
        ],
        [
          552.0,
          84.0
        ]
      ],
      "group_id": null,
      "shape_type": "rectangle",
      "flags": {}
    },
    {
      "label": "port",
      "points": [
        [
          531.0,
          375.0
        ],
        [
          551.0,
          396.0
        ]
      ],
      "group_id": null,
      "shape_type": "rectangle",
      "flags": {}
    },
    {
      "label": "current",
      "points": [
        [
          4.0,
          102.0
        ],
        [
          76.0,
          194.0
        ]
      ],
      "group_id": null,
      "shape_type": "rectangle",
      "flags": {}
    },
    {
      "label": "current",
      "points": [
        [
          223.3822,
          108.8095
        ],
        [
          295.382,
          200.8099
        ]
      ],
      "group_id": null,
      "shape_type": "rectangle",
      "flags": {}
    }
  ],
  "imagePath": "book_1_image_159.png",
  "imageData": null,
  "imageHeight": 398,
  "imageWidth": 563
}