{
  "version": "5.1.1",
  "flags": {},
  "shapes": [
    {
      "label": "npn",
      "points": [
        [
          186.0,
          260.0
        ],
        [
          214.0,
          306.0
        ]
      ],
      "group_id": null,
      "shape_type": "rectangle",
      "flags": {}
    },
    {
      "label": "pnp",
      "points": [
        [
          339.0,
          153.0
        ],
        [
          366.0,
          199.0
        ]
      ],
      "group_id": null,
      "shape_type": "rectangle",
      "flags": {}
    },
    {
      "label": "resistor",
      "points": [
        [
          182.0,
          106.0
        ],
        [
          199.0,
          141.0
        ]
      ],
      "group_id": null,
      "shape_type": "rectangle",
      "flags": {}
    },
    {
      "label": "resistor",
      "points": [
        [
          235.0,
          318.0
        ],
        [
          251.0,
          353.0
        ]
      ],
      "group_id": null,
      "shape_type": "rectangle",
      "flags": {}
    },
    {
      "label": "resistor",
      "points": [
        [
          305.0,
          248.0
        ],
        [
          340.0,
          265.0
        ]
      ],
      "group_id": null,
      "shape_type": "rectangle",
      "flags": {}
    },
    {
      "label": "resistor",
      "points": [
        [
          302.0,
          53.0
        ],
        [
          318.0,
          88.0
        ]
      ],
      "group_id": null,
      "shape_type": "rectangle",
      "flags": {}
    },
    {
      "label": "npn",
      "points": [
        [
          338.0,
          73.0
        ],
        [
          367.0,
          121.0
        ]
      ],
      "group_id": null,
      "shape_type": "rectangle",
      "flags": {}
    },
    {
      "label": "resistor",
      "points": [
        [
          234.0,
          266.0
        ],
        [
          251.0,
          300.0
        ]
      ],
      "group_id": null,
      "shape_type": "rectangle",
      "flags": {}
    },
    {
      "label": "port",
      "points": [
        [
          415.0,
          111.0
        ],
        [
          445.0,
          139.0
        ]
      ],
      "group_id": null,
      "shape_type": "rectangle",
      "flags": {}
    },
    {
      "label": "gnd",
      "points": [
        [
          97.0,
          318.0
        ],
        [
          123.0,
          331.0
        ]
      ],
      "group_id": null,
      "shape_type": "rectangle",
      "flags": {}
    },
    {
      "label": "voltage",
      "points": [
        [
          95.0,
          268.0
        ],
        [
          125.0,
          298.0
        ]
      ],
      "group_id": null,
      "shape_type": "rectangle",
      "flags": {}
    },
    {
      "label": "pnp",
      "points": [
        [
          287.0,
          179.0
        ],
        [
          312.0,
          226.0
        ]
      ],
      "group_id": null,
      "shape_type": "rectangle",
      "flags": {}
    },
    {
      "label": "gnd",
      "points": [
        [
          337.0,
          305.0
        ],
        [
          362.0,
          318.0
        ]
      ],
      "group_id": null,
      "shape_type": "rectangle",
      "flags": {}
    },
    {
      "label": "resistor",
      "points": [
        [
          182.0,
          318.0
        ],
        [
          199.0,
          353.0
        ]
      ],
      "group_id": null,
      "shape_type": "rectangle",
      "flags": {}
    },
    {
      "label": "capacitor",
      "points": [
        [
          143.0,
          188.0
        ],
        [
          156.0,
          218.0
        ]
      ],
      "group_id": null,
      "shape_type": "rectangle",
      "flags": {}
    },
    {
      "label": "resistor",
      "points": [
        [
          102.0,
          213.0
        ],
        [
          120.0,
          248.0
        ]
      ],
      "group_id": null,
      "shape_type": "rectangle",
      "flags": {}
    },
    {
      "label": "port",
      "points": [
        [
          306.3138,
          337.7819
        ],
        [
          337.6727,
          363.5418
        ]
      ],
      "group_id": null,
      "shape_type": "rectangle",
      "flags": {}
    },
    {
      "label": "port",
      "points": [
        [
          228.4218,
          204.9152
        ],
        [
          260.1471,
          232.0808
        ]
      ],
      "group_id": null,
      "shape_type": "rectangle",
      "flags": {}
    },
    {
      "label": "diode",
      "points": [
        [
          299.6256,
          148.1948
        ],
        [
          318.6516,
          165.8106
        ]
      ],
      "group_id": null,
      "shape_type": "rectangle",
      "flags": {}
    },
    {
      "label": "diode",
      "points": [
        [
          301.3774,
          108.0273
        ],
        [
          320.4032,
          125.6432
        ]
      ],
      "group_id": null,
      "shape_type": "rectangle",
      "flags": {}
    },
    {
      "label": "port",
      "points": [
        [
          123.1826,
          18.7128
        ],
        [
          155.3261,
          45.7876
        ]
      ],
      "group_id": null,
      "shape_type": "rectangle",
      "flags": {}
    }
  ],
  "imagePath": "3022.jpg",
  "imageData": null,
  "imageHeight": 405,
  "imageWidth": 540
}