{
  "version": "5.1.1",
  "flags": {},
  "shapes": [
    {
      "label": "switch",
      "points": [
        [
          522.0,
          374.0
        ],
        [
          587.0,
          407.0
        ]
      ],
      "group_id": null,
      "shape_type": "rectangle",
      "flags": {}
    },
    {
      "label": "resistor",
      "points": [
        [
          366.0,
          383.0
        ],
        [
          448.0,
          415.0
        ]
      ],
      "group_id": null,
      "shape_type": "rectangle",
      "flags": {}
    },
    {
      "label": "gnd",
      "points": [
        [
          313.0,
          355.0
        ],
        [
          340.0,
          375.0
        ]
      ],
      "group_id": null,
      "shape_type": "rectangle",
      "flags": {}
    },
    {
      "label": "diode",
      "points": [
        [
          520.0,
          179.0
        ],
        [
          564.0,
          221.0
        ]
      ],
      "group_id": null,
      "shape_type": "rectangle",
      "flags": {}
    },
    {
      "label": "npn",
      "points": [
        [
          369.0,
          212.0
        ],
        [
          426.0,
          292.0
        ]
      ],
      "group_id": null,
      "shape_type": "rectangle",
      "flags": {}
    },
    {
      "label": "resistor",
      "points": [
        [
          93.0,
          237.0
        ],
        [
          176.0,
          269.0
        ]
      ],
      "group_id": null,
      "shape_type": "rectangle",
      "flags": {}
    },
    {
      "label": "gnd",
      "points": [
        [
          234.0,
          510.0
        ],
        [
          264.0,
          529.0
        ]
      ],
      "group_id": null,
      "shape_type": "rectangle",
      "flags": {}
    },
    {
      "label": "gnd",
      "points": [
        [
          527.0,
          239.0
        ],
        [
          556.0,
          259.0
        ]
      ],
      "group_id": null,
      "shape_type": "rectangle",
      "flags": {}
    },
    {
      "label": "port",
      "points": [
        [
          606.0,
          108.0
        ],
        [
          623.0,
          124.0
        ]
      ],
      "group_id": null,
      "shape_type": "rectangle",
      "flags": {}
    },
    {
      "label": "resistor",
      "points": [
        [
          312.0,
          264.0
        ],
        [
          341.0,
          344.0
        ]
      ],
      "group_id": null,
      "shape_type": "rectangle",
      "flags": {}
    },
    {
      "label": "diode",
      "points": [
        [
          398.0,
          82.0
        ],
        [
          443.0,
          125.0
        ]
      ],
      "group_id": null,
      "shape_type": "rectangle",
      "flags": {}
    },
    {
      "label": "inductor-3",
      "points": [
        [
          536.0,
          57.0
        ],
        [
          554.0,
          144.0
        ]
      ],
      "group_id": null,
      "shape_type": "rectangle",
      "flags": {}
    },
    {
      "label": "gnd",
      "points": [
        [
          408.0,
          315.0
        ],
        [
          436.0,
          336.0
        ]
      ],
      "group_id": null,
      "shape_type": "rectangle",
      "flags": {}
    },
    {
      "label": "port",
      "points": [
        [
          822.77,
          18.5853
        ],
        [
          836.6248,
          30.852
        ]
      ],
      "group_id": null,
      "shape_type": "rectangle",
      "flags": {}
    },
    {
      "label": "port",
      "points": [
        [
          238.4785,
          426.8211
        ],
        [
          259.3711,
          450.1013
        ]
      ],
      "group_id": null,
      "shape_type": "rectangle",
      "flags": {}
    },
    {
      "label": "port",
      "points": [
        [
          241.7915,
          467.2017
        ],
        [
          262.2334,
          486.689
        ]
      ],
      "group_id": null,
      "shape_type": "rectangle",
      "flags": {}
    },
    {
      "label": "port",
      "points": [
        [
          662.013,
          387.527
        ],
        [
          686.724,
          407.4824
        ]
      ],
      "group_id": null,
      "shape_type": "rectangle",
      "flags": {}
    }
  ],
  "imagePath": "3040.jpg",
  "imageData": null,
  "imageHeight": 546,
  "imageWidth": 950
}