{
  "version": "5.1.1",
  "flags": {},
  "shapes": [
    {
      "label": "resistor",
      "points": [
        [
          251.1759,
          1164.6552
        ],
        [
          329.8034,
          1226.9024
        ]
      ],
      "group_id": null,
      "shape_type": "rectangle",
      "flags": {}
    },
    {
      "label": "port",
      "points": [
        [
          2081.4643,
          919.2362
        ],
        [
          2124.713,
          955.9335
        ]
      ],
      "group_id": null,
      "shape_type": "rectangle",
      "flags": {}
    },
    {
      "label": "port",
      "points": [
        [
          2084.09,
          967.7243
        ],
        [
          2124.712,
          1016.2105
        ]
      ],
      "group_id": null,
      "shape_type": "rectangle",
      "flags": {}
    },
    {
      "label": "port",
      "points": [
        [
          2776.7657,
          1282.8601
        ],
        [
          2817.6478,
          1325.3189
        ]
      ],
      "group_id": null,
      "shape_type": "rectangle",
      "flags": {}
    },
    {
      "label": "port",
      "points": [
        [
          3348.5334,
          476.1763
        ],
        [
          3395.718,
          528.5955
        ]
      ],
      "group_id": null,
      "shape_type": "rectangle",
      "flags": {}
    },
    {
      "label": "port",
      "points": [
        [
          243.0458,
          189.8835
        ],
        [
          288.5415,
          233.8642
        ]
      ],
      "group_id": null,
      "shape_type": "rectangle",
      "flags": {}
    },
    {
      "label": "port",
      "points": [
        [
          233.0291,
          711.1443
        ],
        [
          271.2415,
          753.0135
        ]
      ],
      "group_id": null,
      "shape_type": "rectangle",
      "flags": {}
    },
    {
      "label": "port",
      "points": [
        [
          515.7605,
          699.2296
        ],
        [
          560.3528,
          741.993
        ]
      ],
      "group_id": null,
      "shape_type": "rectangle",
      "flags": {}
    },
    {
      "label": "port",
      "points": [
        [
          1029.9392,
          703.7752
        ],
        [
          1067.2455,
          747.4575
        ]
      ],
      "group_id": null,
      "shape_type": "rectangle",
      "flags": {}
    },
    {
      "label": "port",
      "points": [
        [
          91.251,
          1164.2723
        ],
        [
          128.5741,
          1207.956
        ]
      ],
      "group_id": null,
      "shape_type": "rectangle",
      "flags": {}
    },
    {
      "label": "port",
      "points": [
        [
          1021.3069,
          1098.7571
        ],
        [
          1058.6192,
          1142.4371
        ]
      ],
      "group_id": null,
      "shape_type": "rectangle",
      "flags": {}
    },
    {
      "label": "port",
      "points": [
        [
          555.371,
          1401.7982
        ],
        [
          592.6841,
          1445.4798
        ]
      ],
      "group_id": null,
      "shape_type": "rectangle",
      "flags": {}
    },
    {
      "label": "port",
      "points": [
        [
          1480.8716,
          1401.7901
        ],
        [
          1518.181,
          1445.4762
        ]
      ],
      "group_id": null,
      "shape_type": "rectangle",
      "flags": {}
    },
    {
      "label": "port",
      "points": [
        [
          1948.629,
          1163.3647
        ],
        [
          1985.9309,
          1207.0433
        ]
      ],
      "group_id": null,
      "shape_type": "rectangle",
      "flags": {}
    },
    {
      "label": "port",
      "points": [
        [
          1540.3457,
          708.5598
        ],
        [
          1577.6513,
          752.2341
        ]
      ],
      "group_id": null,
      "shape_type": "rectangle",
      "flags": {}
    },
    {
      "label": "port",
      "points": [
        [
          1798.5054,
          715.109
        ],
        [
          1835.8127,
          758.7831
        ]
      ],
      "group_id": null,
      "shape_type": "rectangle",
      "flags": {}
    },
    {
      "label": "port",
      "points": [
        [
          2520.5537,
          620.7587
        ],
        [
          2557.8696,
          664.4395
        ]
      ],
      "group_id": null,
      "shape_type": "rectangle",
      "flags": {}
    },
    {
      "label": "port",
      "points": [
        [
          3300.2638,
          612.8952
        ],
        [
          3337.5874,
          656.5787
        ]
      ],
      "group_id": null,
      "shape_type": "rectangle",
      "flags": {}
    },
    {
      "label": "port",
      "points": [
        [
          2907.1317,
          422.8725
        ],
        [
          2944.4437,
          466.5626
        ]
      ],
      "group_id": null,
      "shape_type": "rectangle",
      "flags": {}
    },
    {
      "label": "port",
      "points": [
        [
          1796.4965,
          192.6912
        ],
        [
          1833.8025,
          236.3762
        ]
      ],
      "group_id": null,
      "shape_type": "rectangle",
      "flags": {}
    },
    {
      "label": "port",
      "points": [
        [
          1155.6904,
          287.0486
        ],
        [
          1193.0,
          330.7215
        ]
      ],
      "group_id": null,
      "shape_type": "rectangle",
      "flags": {}
    },
    {
      "label": "port",
      "points": [
        [
          822.8337,
          285.7308
        ],
        [
          860.1573,
          329.4177
        ]
      ],
      "group_id": null,
      "shape_type": "rectangle",
      "flags": {}
    },
    {
      "label": "gnd",
      "points": [
        [
          2262.1733,
          1193.1228
        ],
        [
          2384.0537,
          1257.3316
        ]
      ],
      "group_id": null,
      "shape_type": "rectangle",
      "flags": {}
    },
    {
      "label": "gnd",
      "points": [
        [
          108.7177,
          655.1638
        ],
        [
          176.4169,
          705.3983
        ]
      ],
      "group_id": null,
      "shape_type": "rectangle",
      "flags": {}
    },
    {
      "label": "gnd",
      "points": [
        [
          1902.3756,
          648.1748
        ],
        [
          1978.8128,
          710.4271
        ]
      ],
      "group_id": null,
      "shape_type": "rectangle",
      "flags": {}
    },
    {
      "label": "gnd",
      "points": [
        [
          2262.7436,
          677.6658
        ],
        [
          2380.6881,
          739.9004
        ]
      ],
      "group_id": null,
      "shape_type": "rectangle",
      "flags": {}
    },
    {
      "label": "resistor",
      "points": [
        [
          2198.2025,
          906.554
        ],
        [
          2276.8315,
          968.7991
        ]
      ],
      "group_id": null,
      "shape_type": "rectangle",
      "flags": {}
    },
    {
      "label": "resistor",
      "points": [
        [
          2199.2846,
          966.015
        ],
        [
          2277.9114,
          1028.2699
        ]
      ],
      "group_id": null,
      "shape_type": "rectangle",
      "flags": {}
    },
    {
      "label": "resistor",
      "points": [
        [
          1743.4471,
          1166.9211
        ],
        [
          1822.0738,
          1229.1693
        ]
      ],
      "group_id": null,
      "shape_type": "rectangle",
      "flags": {}
    },
    {
      "label": "resistor",
      "points": [
        [
          658.3331,
          509.7283
        ],
        [
          726.4753,
          596.3439
        ]
      ],
      "group_id": null,
      "shape_type": "rectangle",
      "flags": {}
    },
    {
      "label": "resistor",
      "points": [
        [
          501.6186,
          793.2345
        ],
        [
          569.752,
          879.8592
        ]
      ],
      "group_id": null,
      "shape_type": "rectangle",
      "flags": {}
    },
    {
      "label": "resistor",
      "points": [
        [
          537.8464,
          1291.4175
        ],
        [
          605.9881,
          1378.0314
        ]
      ],
      "group_id": null,
      "shape_type": "rectangle",
      "flags": {}
    },
    {
      "label": "resistor",
      "points": [
        [
          372.5459,
          1381.9992
        ],
        [
          440.6811,
          1468.6131
        ]
      ],
      "group_id": null,
      "shape_type": "rectangle",
      "flags": {}
    },
    {
      "label": "resistor",
      "points": [
        [
          1339.457,
          503.3889
        ],
        [
          1407.6076,
          590.0
        ]
      ],
      "group_id": null,
      "shape_type": "rectangle",
      "flags": {}
    },
    {
      "label": "resistor",
      "points": [
        [
          1536.4613,
          806.8226
        ],
        [
          1604.603,
          893.4454
        ]
      ],
      "group_id": null,
      "shape_type": "rectangle",
      "flags": {}
    },
    {
      "label": "resistor",
      "points": [
        [
          1466.2638,
          1286.8864
        ],
        [
          1534.4189,
          1373.5036
        ]
      ],
      "group_id": null,
      "shape_type": "rectangle",
      "flags": {}
    },
    {
      "label": "resistor",
      "points": [
        [
          1633.8301,
          1379.7236
        ],
        [
          1701.9781,
          1466.3414
        ]
      ],
      "group_id": null,
      "shape_type": "rectangle",
      "flags": {}
    },
    {
      "label": "resistor",
      "points": [
        [
          2888.3359,
          1381.9901
        ],
        [
          2956.4777,
          1468.6137
        ]
      ],
      "group_id": null,
      "shape_type": "rectangle",
      "flags": {}
    },
    {
      "label": "capacitor",
      "points": [
        [
          2284.8506,
          1073.8774
        ],
        [
          2375.277,
          1128.9175
        ]
      ],
      "group_id": null,
      "shape_type": "rectangle",
      "flags": {}
    },
    {
      "label": "capacitor",
      "points": [
        [
          1567.8066,
          1205.9641
        ],
        [
          1614.9751,
          1292.4554
        ]
      ],
      "group_id": null,
      "shape_type": "rectangle",
      "flags": {}
    },
    {
      "label": "capacitor",
      "points": [
        [
          1481.319,
          924.4819
        ],
        [
          1528.4884,
          1007.8283
        ]
      ],
      "group_id": null,
      "shape_type": "rectangle",
      "flags": {}
    },
    {
      "label": "capacitor",
      "points": [
        [
          98.1159,
          529.2521
        ],
        [
          187.2221,
          576.4213
        ]
      ],
      "group_id": null,
      "shape_type": "rectangle",
      "flags": {}
    },
    {
      "label": "capacitor",
      "points": [
        [
          573.2811,
          916.222
        ],
        [
          612.5904,
          1006.6413
        ]
      ],
      "group_id": null,
      "shape_type": "rectangle",
      "flags": {}
    },
    {
      "label": "capacitor",
      "points": [
        [
          460.5898,
          1209.7624
        ],
        [
          506.4544,
          1298.8756
        ]
      ],
      "group_id": null,
      "shape_type": "rectangle",
      "flags": {}
    },
    {
      "label": "capacitor",
      "points": [
        [
          1895.5172,
          532.7655
        ],
        [
          1980.4367,
          578.365
        ]
      ],
      "group_id": null,
      "shape_type": "rectangle",
      "flags": {}
    },
    {
      "label": "nmos",
      "points": [
        [
          328.7526,
          682.5785
        ],
        [
          408.6938,
          782.1602
        ]
      ],
      "group_id": null,
      "shape_type": "rectangle",
      "flags": {}
    },
    {
      "label": "nmos",
      "points": [
        [
          625.9625,
          1206.3579
        ],
        [
          704.5876,
          1308.5711
        ]
      ],
      "group_id": null,
      "shape_type": "rectangle",
      "flags": {}
    },
    {
      "label": "nmos",
      "points": [
        [
          793.6902,
          971.7868
        ],
        [
          868.3991,
          1083.179
        ]
      ],
      "group_id": null,
      "shape_type": "rectangle",
      "flags": {}
    },
    {
      "label": "nmos",
      "points": [
        [
          1207.7967,
          975.7153
        ],
        [
          1277.2536,
          1079.2425
        ]
      ],
      "group_id": null,
      "shape_type": "rectangle",
      "flags": {}
    },
    {
      "label": "nmos",
      "points": [
        [
          1211.7321,
          763.4254
        ],
        [
          1277.2599,
          870.8872
        ]
      ],
      "group_id": null,
      "shape_type": "rectangle",
      "flags": {}
    },
    {
      "label": "nmos",
      "points": [
        [
          793.6929,
          763.4258
        ],
        [
          861.8478,
          870.884
        ]
      ],
      "group_id": null,
      "shape_type": "rectangle",
      "flags": {}
    },
    {
      "label": "pmos",
      "points": [
        [
          319.4519,
          147.125
        ],
        [
          407.2512,
          253.2739
        ]
      ],
      "group_id": null,
      "shape_type": "rectangle",
      "flags": {}
    },
    {
      "label": "pmos",
      "points": [
        [
          1669.2087,
          149.7476
        ],
        [
          1749.1438,
          255.8993
        ]
      ],
      "group_id": null,
      "shape_type": "rectangle",
      "flags": {}
    },
    {
      "label": "pmos",
      "points": [
        [
          2574.7112,
          196.9281
        ],
        [
          2652.0365,
          305.6903
        ]
      ],
      "group_id": null,
      "shape_type": "rectangle",
      "flags": {}
    },
    {
      "label": "pmos",
      "points": [
        [
          3194.5585,
          196.9233
        ],
        [
          3271.8722,
          304.3846
        ]
      ],
      "group_id": null,
      "shape_type": "rectangle",
      "flags": {}
    },
    {
      "label": "nmos",
      "points": [
        [
          2666.4554,
          586.1224
        ],
        [
          2745.075,
          693.5887
        ]
      ],
      "group_id": null,
      "shape_type": "rectangle",
      "flags": {}
    },
    {
      "label": "nmos",
      "points": [
        [
          2807.9797,
          588.7426
        ],
        [
          2873.5071,
          693.5825
        ]
      ],
      "group_id": null,
      "shape_type": "rectangle",
      "flags": {}
    },
    {
      "label": "nmos",
      "points": [
        [
          2970.4742,
          586.1299
        ],
        [
          3046.4757,
          689.6566
        ]
      ],
      "group_id": null,
      "shape_type": "rectangle",
      "flags": {}
    },
    {
      "label": "nmos",
      "points": [
        [
          3109.3737,
          582.1928
        ],
        [
          3188.0,
          702.7565
        ]
      ],
      "group_id": null,
      "shape_type": "rectangle",
      "flags": {}
    },
    {
      "label": "nmos",
      "points": [
        [
          3240.4226,
          946.4999
        ],
        [
          3313.8057,
          1046.0951
        ]
      ],
      "group_id": null,
      "shape_type": "rectangle",
      "flags": {}
    },
    {
      "label": "nmos",
      "points": [
        [
          3059.5859,
          941.2552
        ],
        [
          3134.271,
          1043.4607
        ]
      ],
      "group_id": null,
      "shape_type": "rectangle",
      "flags": {}
    },
    {
      "label": "nmos",
      "points": [
        [
          2728.0446,
          938.6304
        ],
        [
          2801.4273,
          1050.0234
        ]
      ],
      "group_id": null,
      "shape_type": "rectangle",
      "flags": {}
    },
    {
      "label": "nmos",
      "points": [
        [
          2522.309,
          942.5633
        ],
        [
          2595.6877,
          1055.26
        ]
      ],
      "group_id": null,
      "shape_type": "rectangle",
      "flags": {}
    },
    {
      "label": "nmos",
      "points": [
        [
          2863.0197,
          1253.146
        ],
        [
          2939.0278,
          1365.8357
        ]
      ],
      "group_id": null,
      "shape_type": "rectangle",
      "flags": {}
    },
    {
      "label": "nmos",
      "points": [
        [
          1375.4028,
          1206.8879
        ],
        [
          1448.7878,
          1298.6163
        ]
      ],
      "group_id": null,
      "shape_type": "rectangle",
      "flags": {}
    },
    {
      "label": "nmos",
      "points": [
        [
          1596.8604,
          914.6539
        ],
        [
          1678.1141,
          1027.3522
        ]
      ],
      "group_id": null,
      "shape_type": "rectangle",
      "flags": {}
    },
    {
      "label": "nmos",
      "points": [
        [
          1657.1434,
          682.7075
        ],
        [
          1738.3995,
          791.4787
        ]
      ],
      "group_id": null,
      "shape_type": "rectangle",
      "flags": {}
    },
    {
      "label": "nmos",
      "points": [
        [
          397.0267,
          920.686
        ],
        [
          474.3463,
          1025.515
        ]
      ],
      "group_id": null,
      "shape_type": "rectangle",
      "flags": {}
    },
    {
      "label": "capacitor",
      "points": [
        [
          2289.5069,
          801.717
        ],
        [
          2369.2292,
          849.7675
        ]
      ],
      "group_id": null,
      "shape_type": "rectangle",
      "flags": {}
    }
  ],
  "imagePath": "36nRO1mTtjXS.png",
  "imageData": null,
  "imageHeight": 1644,
  "imageWidth": 3528
}