{
  "version": "5.1.1",
  "flags": {},
  "shapes": [
    {
      "label": "capacitor",
      "points": [
        [
          420.6925,
          479.8481
        ],
        [
          478.9635,
          498.0123
        ]
      ],
      "group_id": null,
      "shape_type": "rectangle",
      "flags": {}
    },
    {
      "label": "port",
      "points": [
        [
          0.0,
          91.8638
        ],
        [
          35.9106,
          137.5005
        ]
      ],
      "group_id": null,
      "shape_type": "rectangle",
      "flags": {}
    },
    {
      "label": "gnd",
      "points": [
        [
          123.0178,
          408.5779
        ],
        [
          162.6909,
          435.1905
        ]
      ],
      "group_id": null,
      "shape_type": "rectangle",
      "flags": {}
    },
    {
      "label": "gnd",
      "points": [
        [
          285.3926,
          479.5809
        ],
        [
          332.9197,
          506.2128
        ]
      ],
      "group_id": null,
      "shape_type": "rectangle",
      "flags": {}
    },
    {
      "label": "gnd",
      "points": [
        [
          428.9882,
          576.6932
        ],
        [
          471.2715,
          600.0
        ]
      ],
      "group_id": null,
      "shape_type": "rectangle",
      "flags": {}
    },
    {
      "label": "resistor",
      "points": [
        [
          297.0732,
          79.7078
        ],
        [
          324.1375,
          142.8699
        ]
      ],
      "group_id": null,
      "shape_type": "rectangle",
      "flags": {}
    },
    {
      "label": "resistor",
      "points": [
        [
          129.3648,
          152.6373
        ],
        [
          156.4348,
          215.7936
        ]
      ],
      "group_id": null,
      "shape_type": "rectangle",
      "flags": {}
    },
    {
      "label": "resistor",
      "points": [
        [
          129.3667,
          294.7407
        ],
        [
          156.4399,
          357.899
        ]
      ],
      "group_id": null,
      "shape_type": "rectangle",
      "flags": {}
    },
    {
      "label": "resistor",
      "points": [
        [
          291.7719,
          365.4177
        ],
        [
          318.8375,
          428.5785
        ]
      ],
      "group_id": null,
      "shape_type": "rectangle",
      "flags": {}
    },
    {
      "label": "resistor",
      "points": [
        [
          436.1335,
          367.6771
        ],
        [
          463.2088,
          430.8353
        ]
      ],
      "group_id": null,
      "shape_type": "rectangle",
      "flags": {}
    },
    {
      "label": "capacitor",
      "points": [
        [
          415.6831,
          155.9046
        ],
        [
          438.2363,
          213.5528
        ]
      ],
      "group_id": null,
      "shape_type": "rectangle",
      "flags": {}
    },
    {
      "label": "capacitor",
      "points": [
        [
          61.6734,
          221.077
        ],
        [
          81.7206,
          281.8426
        ]
      ],
      "group_id": null,
      "shape_type": "rectangle",
      "flags": {}
    },
    {
      "label": "npn",
      "points": [
        [
          267.4382,
          213.3049
        ],
        [
          315.0564,
          292.8775
        ]
      ],
      "group_id": null,
      "shape_type": "rectangle",
      "flags": {}
    },
    {
      "label": "port",
      "points": [
        [
          521.5023,
          139.8619
        ],
        [
          568.8893,
          184.206
        ]
      ],
      "group_id": null,
      "shape_type": "rectangle",
      "flags": {}
    },
    {
      "label": "port",
      "points": [
        [
          307.9095,
          0.0
        ],
        [
          352.2446,
          43.6096
        ]
      ],
      "group_id": null,
      "shape_type": "rectangle",
      "flags": {}
    },
    {
      "label": "port",
      "points": [
        [
          143.4096,
          67.9334
        ],
        [
          188.6375,
          112.706
        ]
      ],
      "group_id": null,
      "shape_type": "rectangle",
      "flags": {}
    }
  ],
  "imagePath": "42.jpg",
  "imageData": null,
  "imageHeight": 600,
  "imageWidth": 570
}