{
  "version": "5.1.1",
  "flags": {},
  "shapes": [
    {
      "label": "gnd",
      "points": [
        [
          150.0,
          220.0
        ],
        [
          172.0,
          231.0
        ]
      ],
      "group_id": null,
      "shape_type": "rectangle",
      "flags": {}
    },
    {
      "label": "resistor",
      "points": [
        [
          213.0,
          162.0
        ],
        [
          223.0,
          184.0
        ]
      ],
      "group_id": null,
      "shape_type": "rectangle",
      "flags": {}
    },
    {
      "label": "voltage",
      "points": [
        [
          464.0,
          361.0
        ],
        [
          491.0,
          388.0
        ]
      ],
      "group_id": null,
      "shape_type": "rectangle",
      "flags": {}
    },
    {
      "label": "gnd",
      "points": [
        [
          102.0,
          421.0
        ],
        [
          124.0,
          433.0
        ]
      ],
      "group_id": null,
      "shape_type": "rectangle",
      "flags": {}
    },
    {
      "label": "single-end-amp",
      "points": [
        [
          254.0,
          113.0
        ],
        [
          297.0,
          155.0
        ]
      ],
      "group_id": null,
      "shape_type": "rectangle",
      "flags": {}
    },
    {
      "label": "resistor",
      "points": [
        [
          255.0,
          81.0
        ],
        [
          278.0,
          92.0
        ]
      ],
      "group_id": null,
      "shape_type": "rectangle",
      "flags": {}
    },
    {
      "label": "resistor",
      "points": [
        [
          108.0,
          364.0
        ],
        [
          117.0,
          387.0
        ]
      ],
      "group_id": null,
      "shape_type": "rectangle",
      "flags": {}
    },
    {
      "label": "resistor",
      "points": [
        [
          256.0,
          188.0
        ],
        [
          277.0,
          198.0
        ]
      ],
      "group_id": null,
      "shape_type": "rectangle",
      "flags": {}
    },
    {
      "label": "capacitor",
      "points": [
        [
          148.0,
          167.0
        ],
        [
          174.0,
          179.0
        ]
      ],
      "group_id": null,
      "shape_type": "rectangle",
      "flags": {}
    },
    {
      "label": "port",
      "points": [
        [
          475.2052,
          402.3027
        ],
        [
          481.2091,
          407.3095
        ]
      ],
      "group_id": null,
      "shape_type": "rectangle",
      "flags": {}
    },
    {
      "label": "resistor",
      "points": [
        [
          109.0,
          306.0
        ],
        [
          117.0,
          328.0
        ]
      ],
      "group_id": null,
      "shape_type": "rectangle",
      "flags": {}
    },
    {
      "label": "nmos-bulk",
      "points": [
        [
          392.0,
          283.0
        ],
        [
          413.0,
          313.0
        ]
      ],
      "group_id": null,
      "shape_type": "rectangle",
      "flags": {}
    },
    {
      "label": "gnd",
      "points": [
        [
          207.0,
          220.0
        ],
        [
          231.0,
          231.0
        ]
      ],
      "group_id": null,
      "shape_type": "rectangle",
      "flags": {}
    },
    {
      "label": "resistor",
      "points": [
        [
          310.0,
          268.0
        ],
        [
          320.0,
          290.0
        ]
      ],
      "group_id": null,
      "shape_type": "rectangle",
      "flags": {}
    },
    {
      "label": "single-end-amp",
      "points": [
        [
          255.0,
          287.0
        ],
        [
          296.0,
          328.0
        ]
      ],
      "group_id": null,
      "shape_type": "rectangle",
      "flags": {}
    },
    {
      "label": "resistor",
      "points": [
        [
          108.0,
          247.0
        ],
        [
          118.0,
          271.0
        ]
      ],
      "group_id": null,
      "shape_type": "rectangle",
      "flags": {}
    },
    {
      "label": "diode",
      "points": [
        [
          399.0,
          364.0
        ],
        [
          423.0,
          384.0
        ]
      ],
      "group_id": null,
      "shape_type": "rectangle",
      "flags": {}
    },
    {
      "label": "resistor",
      "points": [
        [
          310.0,
          47.0
        ],
        [
          320.0,
          69.0
        ]
      ],
      "group_id": null,
      "shape_type": "rectangle",
      "flags": {}
    },
    {
      "label": "resistor",
      "points": [
        [
          342.0,
          303.0
        ],
        [
          364.0,
          313.0
        ]
      ],
      "group_id": null,
      "shape_type": "rectangle",
      "flags": {}
    },
    {
      "label": "resistor",
      "points": [
        [
          213.0,
          47.0
        ],
        [
          223.0,
          69.0
        ]
      ],
      "group_id": null,
      "shape_type": "rectangle",
      "flags": {}
    },
    {
      "label": "port",
      "points": [
        [
          475.962,
          344.2849
        ],
        [
          481.9681,
          349.2833
        ]
      ],
      "group_id": null,
      "shape_type": "rectangle",
      "flags": {}
    }
  ],
  "imagePath": "4212.jpg",
  "imageData": null,
  "imageHeight": 456,
  "imageWidth": 515
}