{
  "version": "5.1.1",
  "flags": {},
  "shapes": [
    {
      "label": "capacitor",
      "points": [
        [
          196.0,
          375.0
        ],
        [
          216.0,
          426.0
        ]
      ],
      "group_id": null,
      "shape_type": "rectangle",
      "flags": {}
    },
    {
      "label": "port",
      "points": [
        [
          464.0,
          108.0
        ],
        [
          480.0,
          125.0
        ]
      ],
      "group_id": null,
      "shape_type": "rectangle",
      "flags": {}
    },
    {
      "label": "capacitor",
      "points": [
        [
          706.0,
          396.0
        ],
        [
          761.0,
          418.0
        ]
      ],
      "group_id": null,
      "shape_type": "rectangle",
      "flags": {}
    },
    {
      "label": "gnd",
      "points": [
        [
          704.0,
          541.0
        ],
        [
          763.0,
          563.0
        ]
      ],
      "group_id": null,
      "shape_type": "rectangle",
      "flags": {}
    },
    {
      "label": "resistor2",
      "points": [
        [
          457.0,
          207.0
        ],
        [
          488.0,
          275.0
        ]
      ],
      "group_id": null,
      "shape_type": "rectangle",
      "flags": {}
    },
    {
      "label": "resistor2",
      "points": [
        [
          361.0,
          301.0
        ],
        [
          430.0,
          334.0
        ]
      ],
      "group_id": null,
      "shape_type": "rectangle",
      "flags": {}
    },
    {
      "label": "gnd",
      "points": [
        [
          444.0,
          542.0
        ],
        [
          502.0,
          564.0
        ]
      ],
      "group_id": null,
      "shape_type": "rectangle",
      "flags": {}
    },
    {
      "label": "capacitor",
      "points": [
        [
          632.0,
          291.0
        ],
        [
          655.0,
          343.0
        ]
      ],
      "group_id": null,
      "shape_type": "rectangle",
      "flags": {}
    },
    {
      "label": "capacitor",
      "points": [
        [
          349.0,
          162.0
        ],
        [
          370.0,
          214.0
        ]
      ],
      "group_id": null,
      "shape_type": "rectangle",
      "flags": {}
    },
    {
      "label": "port",
      "points": [
        [
          961.0,
          309.0
        ],
        [
          977.0,
          326.0
        ]
      ],
      "group_id": null,
      "shape_type": "rectangle",
      "flags": {}
    },
    {
      "label": "capacitor",
      "points": [
        [
          822.0,
          291.0
        ],
        [
          844.0,
          344.0
        ]
      ],
      "group_id": null,
      "shape_type": "rectangle",
      "flags": {}
    },
    {
      "label": "gnd",
      "points": [
        [
          242.3426,
          224.3365
        ],
        [
          300.3413,
          246.3386
        ]
      ],
      "group_id": null,
      "shape_type": "rectangle",
      "flags": {}
    },
    {
      "label": "npn",
      "points": [
        [
          418.7745,
          359.8849
        ],
        [
          504.7031,
          444.6041
        ]
      ],
      "group_id": null,
      "shape_type": "rectangle",
      "flags": {}
    },
    {
      "label": "antenna",
      "points": [
        [
          42.0761,
          243.401
        ],
        [
          126.6078,
          314.4018
        ]
      ],
      "group_id": null,
      "shape_type": "rectangle",
      "flags": {}
    }
  ],
  "imagePath": "4399.jpg",
  "imageData": null,
  "imageHeight": 602,
  "imageWidth": 1023
}