{
  "version": "5.1.1",
  "flags": {},
  "shapes": [
    {
      "label": "npn",
      "points": [
        [
          258.824,
          225.1239
        ],
        [
          286.1455,
          270.668
        ]
      ],
      "group_id": null,
      "shape_type": "rectangle",
      "flags": {}
    },
    {
      "label": "port",
      "points": [
        [
          0.236,
          117.2011
        ],
        [
          92.4919,
          139.7787
        ]
      ],
      "group_id": null,
      "shape_type": "rectangle",
      "flags": {}
    },
    {
      "label": "port",
      "points": [
        [
          536.0,
          66.1273
        ],
        [
          595.4045,
          93.8488
        ]
      ],
      "group_id": null,
      "shape_type": "rectangle",
      "flags": {}
    },
    {
      "label": "capacitor",
      "points": [
        [
          138.607,
          102.8574
        ],
        [
          151.5324,
          132.5568
        ]
      ],
      "group_id": null,
      "shape_type": "rectangle",
      "flags": {}
    },
    {
      "label": "capacitor",
      "points": [
        [
          320.6291,
          101.9595
        ],
        [
          333.82,
          132.4794
        ]
      ],
      "group_id": null,
      "shape_type": "rectangle",
      "flags": {}
    },
    {
      "label": "resistor",
      "points": [
        [
          164.2175,
          204.9807
        ],
        [
          179.4289,
          239.2073
        ]
      ],
      "group_id": null,
      "shape_type": "rectangle",
      "flags": {}
    },
    {
      "label": "resistor",
      "points": [
        [
          437.9307,
          271.5003
        ],
        [
          453.1459,
          305.722
        ]
      ],
      "group_id": null,
      "shape_type": "rectangle",
      "flags": {}
    },
    {
      "label": "resistor",
      "points": [
        [
          371.8817,
          270.5596
        ],
        [
          387.0989,
          304.7764
        ]
      ],
      "group_id": null,
      "shape_type": "rectangle",
      "flags": {}
    },
    {
      "label": "resistor",
      "points": [
        [
          326.2555,
          240.6287
        ],
        [
          356.6629,
          257.7328
        ]
      ],
      "group_id": null,
      "shape_type": "rectangle",
      "flags": {}
    },
    {
      "label": "gnd",
      "points": [
        [
          355.9658,
          59.2945
        ],
        [
          378.4045,
          74.4732
        ]
      ],
      "group_id": null,
      "shape_type": "rectangle",
      "flags": {}
    },
    {
      "label": "gnd",
      "points": [
        [
          393.6301,
          150.5529
        ],
        [
          416.0714,
          165.7339
        ]
      ],
      "group_id": null,
      "shape_type": "rectangle",
      "flags": {}
    },
    {
      "label": "gnd",
      "points": [
        [
          578.3816,
          269.1688
        ],
        [
          600.0,
          284.3489
        ]
      ],
      "group_id": null,
      "shape_type": "rectangle",
      "flags": {}
    },
    {
      "label": "npn",
      "points": [
        [
          356.4265,
          161.5597
        ],
        [
          383.7409,
          207.0904
        ]
      ],
      "group_id": null,
      "shape_type": "rectangle",
      "flags": {}
    },
    {
      "label": "npn",
      "points": [
        [
          423.158,
          185.1393
        ],
        [
          450.484,
          230.6619
        ]
      ],
      "group_id": null,
      "shape_type": "rectangle",
      "flags": {}
    },
    {
      "label": "voltage-lines",
      "points": [
        [
          351.7463,
          7.4874
        ],
        [
          381.1616,
          45.1203
        ]
      ],
      "group_id": null,
      "shape_type": "rectangle",
      "flags": {}
    },
    {
      "label": "voltage-lines",
      "points": [
        [
          507.0724,
          269.5609
        ],
        [
          541.9788,
          307.1978
        ]
      ],
      "group_id": null,
      "shape_type": "rectangle",
      "flags": {}
    },
    {
      "label": "current",
      "points": [
        [
          430.4603,
          37.4816
        ],
        [
          459.9283,
          66.9495
        ]
      ],
      "group_id": null,
      "shape_type": "rectangle",
      "flags": {}
    }
  ],
  "imagePath": "44YvYdBu5BmE.png",
  "imageData": null,
  "imageHeight": 316,
  "imageWidth": 600
}