{
  "version": "5.1.1",
  "flags": {},
  "shapes": [
    {
      "label": "capacitor",
      "points": [
        [
          161.0,
          198.0
        ],
        [
          194.0,
          211.0
        ]
      ],
      "group_id": null,
      "shape_type": "rectangle",
      "flags": {}
    },
    {
      "label": "capacitor",
      "points": [
        [
          484.0,
          208.0
        ],
        [
          496.0,
          238.0
        ]
      ],
      "group_id": null,
      "shape_type": "rectangle",
      "flags": {}
    },
    {
      "label": "capacitor",
      "points": [
        [
          201.0,
          44.0
        ],
        [
          214.0,
          75.0
        ]
      ],
      "group_id": null,
      "shape_type": "rectangle",
      "flags": {}
    },
    {
      "label": "capacitor",
      "points": [
        [
          429.0,
          155.0
        ],
        [
          462.0,
          169.0
        ]
      ],
      "group_id": null,
      "shape_type": "rectangle",
      "flags": {}
    },
    {
      "label": "resistor2",
      "points": [
        [
          217.0,
          170.0
        ],
        [
          258.0,
          190.0
        ]
      ],
      "group_id": null,
      "shape_type": "rectangle",
      "flags": {}
    },
    {
      "label": "gnd",
      "points": [
        [
          277.0,
          431.0
        ],
        [
          303.0,
          446.0
        ]
      ],
      "group_id": null,
      "shape_type": "rectangle",
      "flags": {}
    },
    {
      "label": "resistor2",
      "points": [
        [
          386.0,
          142.0
        ],
        [
          406.0,
          184.0
        ]
      ],
      "group_id": null,
      "shape_type": "rectangle",
      "flags": {}
    },
    {
      "label": "resistor2_3",
      "points": [
        [
          279.0,
          120.0
        ],
        [
          301.0,
          162.0
        ]
      ],
      "group_id": null,
      "shape_type": "rectangle",
      "flags": {}
    },
    {
      "label": "resistor2",
      "points": [
        [
          368.0,
          353.0
        ],
        [
          389.0,
          396.0
        ]
      ],
      "group_id": null,
      "shape_type": "rectangle",
      "flags": {}
    },
    {
      "label": "capacitor",
      "points": [
        [
          74.0,
          264.0
        ],
        [
          87.0,
          295.0
        ]
      ],
      "group_id": null,
      "shape_type": "rectangle",
      "flags": {}
    },
    {
      "label": "capacitor",
      "points": [
        [
          274.0,
          365.0
        ],
        [
          307.0,
          378.0
        ]
      ],
      "group_id": null,
      "shape_type": "rectangle",
      "flags": {}
    },
    {
      "label": "port",
      "points": [
        [
          32.0,
          270.0
        ],
        [
          44.0,
          289.0
        ]
      ],
      "group_id": null,
      "shape_type": "rectangle",
      "flags": {}
    },
    {
      "label": "npn",
      "points": [
        [
          256.0,
          256.0
        ],
        [
          304.5041,
          305.7072
        ]
      ],
      "group_id": null,
      "shape_type": "rectangle",
      "flags": {}
    },
    {
      "label": "resistor2",
      "points": [
        [
          166.0,
          120.0
        ],
        [
          188.0,
          162.0
        ]
      ],
      "group_id": null,
      "shape_type": "rectangle",
      "flags": {}
    },
    {
      "label": "resistor2",
      "points": [
        [
          329.0,
          213.0
        ],
        [
          370.0,
          233.0
        ]
      ],
      "group_id": null,
      "shape_type": "rectangle",
      "flags": {}
    },
    {
      "label": "resistor2_3",
      "points": [
        [
          523.0,
          279.0
        ],
        [
          545.0,
          322.0
        ]
      ],
      "group_id": null,
      "shape_type": "rectangle",
      "flags": {}
    },
    {
      "label": "diode",
      "points": [
        [
          255.0,
          89.0
        ],
        [
          279.0,
          115.0
        ]
      ],
      "group_id": null,
      "shape_type": "rectangle",
      "flags": {}
    },
    {
      "label": "capacitor",
      "points": [
        [
          103.0,
          336.0
        ],
        [
          137.0,
          349.0
        ]
      ],
      "group_id": null,
      "shape_type": "rectangle",
      "flags": {}
    },
    {
      "label": "gnd",
      "points": [
        [
          163.0,
          240.0
        ],
        [
          190.0,
          255.0
        ]
      ],
      "group_id": null,
      "shape_type": "rectangle",
      "flags": {}
    },
    {
      "label": "diode",
      "points": [
        [
          251.0,
          46.0
        ],
        [
          276.0,
          73.0
        ]
      ],
      "group_id": null,
      "shape_type": "rectangle",
      "flags": {}
    },
    {
      "label": "port",
      "points": [
        [
          387.0273,
          50.3246
        ],
        [
          404.9072,
          71.2525
        ]
      ],
      "group_id": null,
      "shape_type": "rectangle",
      "flags": {}
    }
  ],
  "imagePath": "4528.jpg",
  "imageData": null,
  "imageHeight": 472,
  "imageWidth": 650
}