{
  "version": "5.1.1",
  "flags": {},
  "shapes": [
    {
      "label": "resistor2",
      "points": [
        [
          334.0,
          286.0
        ],
        [
          353.0,
          321.0
        ]
      ],
      "group_id": null,
      "shape_type": "rectangle",
      "flags": {}
    },
    {
      "label": "resistor2",
      "points": [
        [
          334.0,
          222.0
        ],
        [
          352.0,
          257.0
        ]
      ],
      "group_id": null,
      "shape_type": "rectangle",
      "flags": {}
    },
    {
      "label": "resistor2",
      "points": [
        [
          207.0,
          238.0
        ],
        [
          226.0,
          273.0
        ]
      ],
      "group_id": null,
      "shape_type": "rectangle",
      "flags": {}
    },
    {
      "label": "resistor2",
      "points": [
        [
          206.0,
          49.0
        ],
        [
          226.0,
          84.0
        ]
      ],
      "group_id": null,
      "shape_type": "rectangle",
      "flags": {}
    },
    {
      "label": "capacitor",
      "points": [
        [
          396.0,
          289.0
        ],
        [
          414.0,
          302.0
        ]
      ],
      "group_id": null,
      "shape_type": "rectangle",
      "flags": {}
    },
    {
      "label": "resistor2",
      "points": [
        [
          334.0,
          49.0
        ],
        [
          353.0,
          84.0
        ]
      ],
      "group_id": null,
      "shape_type": "rectangle",
      "flags": {}
    },
    {
      "label": "npn",
      "points": [
        [
          323.0,
          144.0
        ],
        [
          345.0,
          178.0
        ]
      ],
      "group_id": null,
      "shape_type": "rectangle",
      "flags": {}
    },
    {
      "label": "capacitor",
      "points": [
        [
          408.0,
          121.0
        ],
        [
          419.0,
          140.0
        ]
      ],
      "group_id": null,
      "shape_type": "rectangle",
      "flags": {}
    },
    {
      "label": "gnd",
      "points": [
        [
          80.0,
          347.0
        ],
        [
          101.0,
          353.0
        ]
      ],
      "group_id": null,
      "shape_type": "rectangle",
      "flags": {}
    },
    {
      "label": "capacitor",
      "points": [
        [
          155.0,
          152.0
        ],
        [
          166.0,
          170.0
        ]
      ],
      "group_id": null,
      "shape_type": "rectangle",
      "flags": {}
    },
    {
      "label": "current",
      "points": [
        [
          8.0,
          80.0
        ],
        [
          45.0,
          115.0
        ]
      ],
      "group_id": null,
      "shape_type": "rectangle",
      "flags": {}
    },
    {
      "label": "resistor2",
      "points": [
        [
          459.0,
          159.0
        ],
        [
          478.0,
          193.0
        ]
      ],
      "group_id": null,
      "shape_type": "rectangle",
      "flags": {}
    },
    {
      "label": "current",
      "points": [
        [
          451.1375,
          271.5662
        ],
        [
          488.1319,
          306.564
        ]
      ],
      "group_id": null,
      "shape_type": "rectangle",
      "flags": {}
    }
  ],
  "imagePath": "4598.jpg",
  "imageData": null,
  "imageHeight": 363,
  "imageWidth": 589
}