{
  "version": "5.1.1",
  "flags": {},
  "shapes": [
    {
      "label": "capacitor",
      "points": [
        [
          306.0,
          76.0
        ],
        [
          321.0,
          85.0
        ]
      ],
      "group_id": null,
      "shape_type": "rectangle",
      "flags": {}
    },
    {
      "label": "gnd",
      "points": [
        [
          304.0,
          107.0
        ],
        [
          323.0,
          117.0
        ]
      ],
      "group_id": null,
      "shape_type": "rectangle",
      "flags": {}
    },
    {
      "label": "resistor",
      "points": [
        [
          153.0,
          189.0
        ],
        [
          182.0,
          202.0
        ]
      ],
      "group_id": null,
      "shape_type": "rectangle",
      "flags": {}
    },
    {
      "label": "resistor",
      "points": [
        [
          183.0,
          79.0
        ],
        [
          211.0,
          92.0
        ]
      ],
      "group_id": null,
      "shape_type": "rectangle",
      "flags": {}
    },
    {
      "label": "port",
      "points": [
        [
          369.0,
          232.0
        ],
        [
          378.0,
          240.0
        ]
      ],
      "group_id": null,
      "shape_type": "rectangle",
      "flags": {}
    },
    {
      "label": "port",
      "points": [
        [
          369.0,
          262.0
        ],
        [
          378.0,
          271.0
        ]
      ],
      "group_id": null,
      "shape_type": "rectangle",
      "flags": {}
    },
    {
      "label": "resistor",
      "points": [
        [
          87.0,
          135.0
        ],
        [
          100.0,
          164.0
        ]
      ],
      "group_id": null,
      "shape_type": "rectangle",
      "flags": {}
    },
    {
      "label": "antenna",
      "points": [
        [
          254.2087,
          14.9009
        ],
        [
          272.807,
          27.4038
        ]
      ],
      "group_id": null,
      "shape_type": "rectangle",
      "flags": {}
    },
    {
      "label": "port",
      "points": [
        [
          38.6988,
          191.6933
        ],
        [
          48.6935,
          200.6969
        ]
      ],
      "group_id": null,
      "shape_type": "rectangle",
      "flags": {}
    },
    {
      "label": "pnp",
      "points": [
        [
          250.0,
          74.0
        ],
        [
          266.0,
          98.0
        ]
      ],
      "group_id": null,
      "shape_type": "rectangle",
      "flags": {}
    },
    {
      "label": "port",
      "points": [
        [
          369.0,
          111.0
        ],
        [
          378.0,
          120.0
        ]
      ],
      "group_id": null,
      "shape_type": "rectangle",
      "flags": {}
    },
    {
      "label": "antenna",
      "points": [
        [
          84.4802,
          105.1791
        ],
        [
          101.4814,
          117.1759
        ]
      ],
      "group_id": null,
      "shape_type": "rectangle",
      "flags": {}
    },
    {
      "label": "port",
      "points": [
        [
          369.0,
          202.0
        ],
        [
          378.0,
          210.0
        ]
      ],
      "group_id": null,
      "shape_type": "rectangle",
      "flags": {}
    },
    {
      "label": "nmos",
      "points": [
        [
          246.0,
          185.0
        ],
        [
          265.0,
          207.0
        ]
      ],
      "group_id": null,
      "shape_type": "rectangle",
      "flags": {}
    },
    {
      "label": "gnd",
      "points": [
        [
          254.0,
          227.0
        ],
        [
          273.0,
          237.0
        ]
      ],
      "group_id": null,
      "shape_type": "rectangle",
      "flags": {}
    },
    {
      "label": "port",
      "points": [
        [
          369.0,
          172.0
        ],
        [
          378.0,
          180.0
        ]
      ],
      "group_id": null,
      "shape_type": "rectangle",
      "flags": {}
    },
    {
      "label": "capacitor",
      "points": [
        [
          193.0,
          58.0
        ],
        [
          204.0,
          74.0
        ]
      ],
      "group_id": null,
      "shape_type": "rectangle",
      "flags": {}
    },
    {
      "label": "port",
      "points": [
        [
          369.0,
          142.0
        ],
        [
          378.0,
          150.0
        ]
      ],
      "group_id": null,
      "shape_type": "rectangle",
      "flags": {}
    }
  ],
  "imagePath": "4678.jpg",
  "imageData": null,
  "imageHeight": 286,
  "imageWidth": 429
}