{
  "version": "5.1.1",
  "flags": {},
  "shapes": [
    {
      "label": "npn",
      "points": [
        [
          140.0,
          64.0
        ],
        [
          167.0,
          103.0
        ]
      ],
      "group_id": null,
      "shape_type": "rectangle",
      "flags": {}
    },
    {
      "label": "port",
      "points": [
        [
          328.0,
          69.0
        ],
        [
          334.0,
          76.0
        ]
      ],
      "group_id": null,
      "shape_type": "rectangle",
      "flags": {}
    },
    {
      "label": "resistor",
      "points": [
        [
          159.0,
          162.0
        ],
        [
          169.0,
          186.0
        ]
      ],
      "group_id": null,
      "shape_type": "rectangle",
      "flags": {}
    },
    {
      "label": "gnd",
      "points": [
        [
          242.0,
          217.0
        ],
        [
          261.0,
          227.0
        ]
      ],
      "group_id": null,
      "shape_type": "rectangle",
      "flags": {}
    },
    {
      "label": "resistor",
      "points": [
        [
          159.0,
          114.0
        ],
        [
          169.0,
          139.0
        ]
      ],
      "group_id": null,
      "shape_type": "rectangle",
      "flags": {}
    },
    {
      "label": "resistor",
      "points": [
        [
          203.0,
          26.0
        ],
        [
          214.0,
          51.0
        ]
      ],
      "group_id": null,
      "shape_type": "rectangle",
      "flags": {}
    },
    {
      "label": "npn",
      "points": [
        [
          229.0,
          102.0
        ],
        [
          257.0,
          142.0
        ]
      ],
      "group_id": null,
      "shape_type": "rectangle",
      "flags": {}
    },
    {
      "label": "port",
      "points": [
        [
          292.0,
          10.0
        ],
        [
          297.0,
          15.0
        ]
      ],
      "group_id": null,
      "shape_type": "rectangle",
      "flags": {}
    },
    {
      "label": "port",
      "points": [
        [
          332.0,
          200.0
        ],
        [
          337.0,
          205.0
        ]
      ],
      "group_id": null,
      "shape_type": "rectangle",
      "flags": {}
    },
    {
      "label": "npn",
      "points": [
        [
          184.0,
          129.0
        ],
        [
          212.0,
          170.0
        ]
      ],
      "group_id": null,
      "shape_type": "rectangle",
      "flags": {}
    },
    {
      "label": "resistor",
      "points": [
        [
          99.0,
          26.0
        ],
        [
          110.0,
          51.0
        ]
      ],
      "group_id": null,
      "shape_type": "rectangle",
      "flags": {}
    },
    {
      "label": "resistor",
      "points": [
        [
          247.0,
          45.0
        ],
        [
          258.0,
          69.0
        ]
      ],
      "group_id": null,
      "shape_type": "rectangle",
      "flags": {}
    },
    {
      "label": "port",
      "points": [
        [
          50.0,
          82.0
        ],
        [
          55.0,
          87.0
        ]
      ],
      "group_id": null,
      "shape_type": "rectangle",
      "flags": {}
    },
    {
      "label": "resistor",
      "points": [
        [
          203.0,
          83.0
        ],
        [
          214.0,
          108.0
        ]
      ],
      "group_id": null,
      "shape_type": "rectangle",
      "flags": {}
    },
    {
      "label": "npn",
      "points": [
        [
          274.0,
          71.0
        ],
        [
          301.0,
          112.0
        ]
      ],
      "group_id": null,
      "shape_type": "rectangle",
      "flags": {}
    },
    {
      "label": "npn",
      "points": [
        [
          85.8667,
          59.5971
        ],
        [
          126.8057,
          88.5038
        ]
      ],
      "group_id": null,
      "shape_type": "rectangle",
      "flags": {}
    },
    {
      "label": "diode",
      "points": [
        [
          63.7525,
          139.5024
        ],
        [
          75.3017,
          151.708
        ]
      ],
      "group_id": null,
      "shape_type": "rectangle",
      "flags": {}
    }
  ],
  "imagePath": "4797.jpg",
  "imageData": null,
  "imageHeight": 227,
  "imageWidth": 384
}