{
  "version": "5.1.1",
  "flags": {},
  "shapes": [
    {
      "label": "diode",
      "points": [
        [
          88.0,
          270.0
        ],
        [
          107.0,
          286.0
        ]
      ],
      "group_id": null,
      "shape_type": "rectangle",
      "flags": {}
    },
    {
      "label": "resistor",
      "points": [
        [
          180.0,
          99.0
        ],
        [
          196.0,
          136.0
        ]
      ],
      "group_id": null,
      "shape_type": "rectangle",
      "flags": {}
    },
    {
      "label": "port",
      "points": [
        [
          5.0,
          149.0
        ],
        [
          15.0,
          161.0
        ]
      ],
      "group_id": null,
      "shape_type": "rectangle",
      "flags": {}
    },
    {
      "label": "diode",
      "points": [
        [
          88.0,
          203.0
        ],
        [
          107.0,
          222.0
        ]
      ],
      "group_id": null,
      "shape_type": "rectangle",
      "flags": {}
    },
    {
      "label": "resistor",
      "points": [
        [
          288.0,
          259.0
        ],
        [
          302.0,
          295.0
        ]
      ],
      "group_id": null,
      "shape_type": "rectangle",
      "flags": {}
    },
    {
      "label": "resistor",
      "points": [
        [
          181.0,
          353.0
        ],
        [
          195.0,
          389.0
        ]
      ],
      "group_id": null,
      "shape_type": "rectangle",
      "flags": {}
    },
    {
      "label": "resistor",
      "points": [
        [
          288.0,
          194.0
        ],
        [
          302.0,
          230.0
        ]
      ],
      "group_id": null,
      "shape_type": "rectangle",
      "flags": {}
    },
    {
      "label": "gnd",
      "points": [
        [
          176.0,
          408.0
        ],
        [
          197.0,
          418.0
        ]
      ],
      "group_id": null,
      "shape_type": "rectangle",
      "flags": {}
    },
    {
      "label": "port",
      "points": [
        [
          392.0,
          240.0
        ],
        [
          403.0,
          252.0
        ]
      ],
      "group_id": null,
      "shape_type": "rectangle",
      "flags": {}
    },
    {
      "label": "capacitor",
      "points": [
        [
          43.0,
          146.0
        ],
        [
          53.0,
          165.0
        ]
      ],
      "group_id": null,
      "shape_type": "rectangle",
      "flags": {}
    },
    {
      "label": "npn",
      "points": [
        [
          249.0,
          123.0
        ],
        [
          312.0,
          187.0
        ]
      ],
      "group_id": null,
      "shape_type": "rectangle",
      "flags": {}
    },
    {
      "label": "capacitor",
      "points": [
        [
          342.0,
          236.0
        ],
        [
          352.0,
          255.0
        ]
      ],
      "group_id": null,
      "shape_type": "rectangle",
      "flags": {}
    },
    {
      "label": "gnd",
      "points": [
        [
          284.0,
          408.0
        ],
        [
          301.0,
          419.0
        ]
      ],
      "group_id": null,
      "shape_type": "rectangle",
      "flags": {}
    }
  ],
  "imagePath": "4831.jpg",
  "imageData": null,
  "imageHeight": 427,
  "imageWidth": 416
}