{
  "version": "5.1.1",
  "flags": {},
  "shapes": [
    {
      "label": "nmos-bulk",
      "points": [
        [
          124.0,
          146.0
        ],
        [
          181.0,
          218.0
        ]
      ],
      "group_id": null,
      "shape_type": "rectangle",
      "flags": {}
    },
    {
      "label": "nmos",
      "points": [
        [
          124.0,
          286.0
        ],
        [
          181.0,
          359.0
        ]
      ],
      "group_id": null,
      "shape_type": "rectangle",
      "flags": {}
    },
    {
      "label": "port",
      "points": [
        [
          309.0,
          61.0
        ],
        [
          330.0,
          83.0
        ]
      ],
      "group_id": null,
      "shape_type": "rectangle",
      "flags": {}
    },
    {
      "label": "gnd",
      "points": [
        [
          187.0,
          468.0
        ],
        [
          243.0,
          499.0
        ]
      ],
      "group_id": null,
      "shape_type": "rectangle",
      "flags": {}
    },
    {
      "label": "port",
      "points": [
        [
          31.0,
          312.0
        ],
        [
          52.0,
          333.0
        ]
      ],
      "group_id": null,
      "shape_type": "rectangle",
      "flags": {}
    },
    {
      "label": "port",
      "points": [
        [
          31.0,
          172.0
        ],
        [
          52.0,
          193.0
        ]
      ],
      "group_id": null,
      "shape_type": "rectangle",
      "flags": {}
    },
    {
      "label": "port",
      "points": [
        [
          293.1436,
          430.9908
        ],
        [
          314.1485,
          447.8093
        ]
      ],
      "group_id": null,
      "shape_type": "rectangle",
      "flags": {}
    },
    {
      "label": "port",
      "points": [
        [
          99.2375,
          432.5458
        ],
        [
          120.2346,
          444.7041
        ]
      ],
      "group_id": null,
      "shape_type": "rectangle",
      "flags": {}
    }
  ],
  "imagePath": "book_1_image_160.png",
  "imageData": null,
  "imageHeight": 499,
  "imageWidth": 374
}