{
  "version": "5.1.1",
  "flags": {},
  "shapes": [
    {
      "label": "port",
      "points": [
        [
          186.0,
          87.0
        ],
        [
          197.0,
          100.0
        ]
      ],
      "group_id": null,
      "shape_type": "rectangle",
      "flags": {}
    },
    {
      "label": "vdd",
      "points": [
        [
          103.0,
          262.0
        ],
        [
          144.0,
          277.0
        ]
      ],
      "group_id": null,
      "shape_type": "rectangle",
      "flags": {}
    },
    {
      "label": "capacitor",
      "points": [
        [
          332.0,
          234.0
        ],
        [
          352.0,
          265.0
        ]
      ],
      "group_id": null,
      "shape_type": "rectangle",
      "flags": {}
    },
    {
      "label": "vdd",
      "points": [
        [
          396.0,
          38.0
        ],
        [
          435.0,
          53.0
        ]
      ],
      "group_id": null,
      "shape_type": "rectangle",
      "flags": {}
    },
    {
      "label": "pmos-cross",
      "points": [
        [
          379.0,
          74.0
        ],
        [
          419.0,
          117.0
        ]
      ],
      "group_id": null,
      "shape_type": "rectangle",
      "flags": {}
    },
    {
      "label": "nmos",
      "points": [
        [
          117.0,
          366.0
        ],
        [
          159.0,
          410.0
        ]
      ],
      "group_id": null,
      "shape_type": "rectangle",
      "flags": {}
    },
    {
      "label": "gnd",
      "points": [
        [
          111.0,
          424.0
        ],
        [
          136.0,
          450.0
        ]
      ],
      "group_id": null,
      "shape_type": "rectangle",
      "flags": {}
    },
    {
      "label": "resistor",
      "points": [
        [
          470.0,
          148.0
        ],
        [
          499.0,
          181.0
        ]
      ],
      "group_id": null,
      "shape_type": "rectangle",
      "flags": {}
    },
    {
      "label": "pmos",
      "points": [
        [
          379.0,
          141.0
        ],
        [
          420.0,
          184.0
        ]
      ],
      "group_id": null,
      "shape_type": "rectangle",
      "flags": {}
    },
    {
      "label": "nmos",
      "points": [
        [
          378.0,
          315.0
        ],
        [
          421.0,
          358.0
        ]
      ],
      "group_id": null,
      "shape_type": "rectangle",
      "flags": {}
    },
    {
      "label": "port",
      "points": [
        [
          530.0,
          242.0
        ],
        [
          543.0,
          256.0
        ]
      ],
      "group_id": null,
      "shape_type": "rectangle",
      "flags": {}
    },
    {
      "label": "capacitor",
      "points": [
        [
          246.0,
          80.0
        ],
        [
          265.0,
          110.0
        ]
      ],
      "group_id": null,
      "shape_type": "rectangle",
      "flags": {}
    },
    {
      "label": "port",
      "points": [
        [
          357.0,
          328.0
        ],
        [
          371.0,
          342.0
        ]
      ],
      "group_id": null,
      "shape_type": "rectangle",
      "flags": {}
    },
    {
      "label": "nmos",
      "points": [
        [
          376.0,
          365.0
        ],
        [
          421.0,
          409.0
        ]
      ],
      "group_id": null,
      "shape_type": "rectangle",
      "flags": {}
    },
    {
      "label": "current",
      "points": [
        [
          103.0,
          294.0
        ],
        [
          144.0,
          334.0
        ]
      ],
      "group_id": null,
      "shape_type": "rectangle",
      "flags": {}
    },
    {
      "label": "port",
      "points": [
        [
          357.0,
          156.0
        ],
        [
          371.0,
          170.0
        ]
      ],
      "group_id": null,
      "shape_type": "rectangle",
      "flags": {}
    },
    {
      "label": "gnd",
      "points": [
        [
          403.0,
          424.0
        ],
        [
          428.0,
          449.0
        ]
      ],
      "group_id": null,
      "shape_type": "rectangle",
      "flags": {}
    }
  ],
  "imagePath": "5065.jpg",
  "imageData": null,
  "imageHeight": 482,
  "imageWidth": 620
}