{
  "version": "5.1.1",
  "flags": {},
  "shapes": [
    {
      "label": "pmos",
      "points": [
        [
          65.0,
          175.0
        ],
        [
          115.0,
          248.0
        ]
      ],
      "group_id": null,
      "shape_type": "rectangle",
      "flags": {}
    },
    {
      "label": "pmos",
      "points": [
        [
          376.0,
          213.0
        ],
        [
          433.0,
          288.0
        ]
      ],
      "group_id": null,
      "shape_type": "rectangle",
      "flags": {}
    },
    {
      "label": "port",
      "points": [
        [
          257.0,
          206.0
        ],
        [
          269.0,
          218.0
        ]
      ],
      "group_id": null,
      "shape_type": "rectangle",
      "flags": {}
    },
    {
      "label": "port",
      "points": [
        [
          450.0,
          185.0
        ],
        [
          462.0,
          197.0
        ]
      ],
      "group_id": null,
      "shape_type": "rectangle",
      "flags": {}
    },
    {
      "label": "nmos",
      "points": [
        [
          276.0,
          253.0
        ],
        [
          326.0,
          326.0
        ]
      ],
      "group_id": null,
      "shape_type": "rectangle",
      "flags": {}
    },
    {
      "label": "port",
      "points": [
        [
          251.0,
          446.0
        ],
        [
          264.0,
          458.0
        ]
      ],
      "group_id": null,
      "shape_type": "rectangle",
      "flags": {}
    },
    {
      "label": "port",
      "points": [
        [
          38.0,
          206.0
        ],
        [
          51.0,
          218.0
        ]
      ],
      "group_id": null,
      "shape_type": "rectangle",
      "flags": {}
    },
    {
      "label": "resistor",
      "points": [
        [
          313.0,
          106.0
        ],
        [
          333.0,
          155.0
        ]
      ],
      "group_id": null,
      "shape_type": "rectangle",
      "flags": {}
    },
    {
      "label": "pmos",
      "points": [
        [
          191.0,
          176.0
        ],
        [
          241.0,
          249.0
        ]
      ],
      "group_id": null,
      "shape_type": "rectangle",
      "flags": {}
    },
    {
      "label": "resistor",
      "points": [
        [
          419.0,
          112.0
        ],
        [
          439.0,
          161.0
        ]
      ],
      "group_id": null,
      "shape_type": "rectangle",
      "flags": {}
    },
    {
      "label": "port",
      "points": [
        [
          283.0,
          38.0
        ],
        [
          297.0,
          50.0
        ]
      ],
      "group_id": null,
      "shape_type": "rectangle",
      "flags": {}
    },
    {
      "label": "current",
      "points": [
        [
          131.0,
          96.0
        ],
        [
          173.0,
          138.0
        ]
      ],
      "group_id": null,
      "shape_type": "rectangle",
      "flags": {}
    },
    {
      "label": "resistor",
      "points": [
        [
          100.0,
          309.0
        ],
        [
          122.0,
          359.0
        ]
      ],
      "group_id": null,
      "shape_type": "rectangle",
      "flags": {}
    },
    {
      "label": "resistor",
      "points": [
        [
          185.0,
          330.0
        ],
        [
          207.0,
          379.0
        ]
      ],
      "group_id": null,
      "shape_type": "rectangle",
      "flags": {}
    }
  ],
  "imagePath": "5197.jpg",
  "imageData": null,
  "imageHeight": 486,
  "imageWidth": 517
}