{
  "version": "5.1.1",
  "flags": {},
  "shapes": [
    {
      "label": "port",
      "points": [
        [
          272.0,
          44.0
        ],
        [
          286.0,
          56.0
        ]
      ],
      "group_id": null,
      "shape_type": "rectangle",
      "flags": {}
    },
    {
      "label": "capacitor",
      "points": [
        [
          366.0,
          173.0
        ],
        [
          383.0,
          208.0
        ]
      ],
      "group_id": null,
      "shape_type": "rectangle",
      "flags": {}
    },
    {
      "label": "resistor",
      "points": [
        [
          267.0,
          353.0
        ],
        [
          293.0,
          420.0
        ]
      ],
      "group_id": null,
      "shape_type": "rectangle",
      "flags": {}
    },
    {
      "label": "gnd",
      "points": [
        [
          84.0,
          382.0
        ],
        [
          124.0,
          400.0
        ]
      ],
      "group_id": null,
      "shape_type": "rectangle",
      "flags": {}
    },
    {
      "label": "port",
      "points": [
        [
          272.0,
          448.0
        ],
        [
          286.0,
          461.0
        ]
      ],
      "group_id": null,
      "shape_type": "rectangle",
      "flags": {}
    },
    {
      "label": "resistor",
      "points": [
        [
          267.0,
          88.0
        ],
        [
          292.0,
          151.0
        ]
      ],
      "group_id": null,
      "shape_type": "rectangle",
      "flags": {}
    },
    {
      "label": "gnd",
      "points": [
        [
          453.0,
          318.0
        ],
        [
          492.0,
          336.0
        ]
      ],
      "group_id": null,
      "shape_type": "rectangle",
      "flags": {}
    },
    {
      "label": "voltage",
      "points": [
        [
          78.0,
          303.0
        ],
        [
          131.0,
          357.0
        ]
      ],
      "group_id": null,
      "shape_type": "rectangle",
      "flags": {}
    },
    {
      "label": "capacitor",
      "points": [
        [
          390.0,
          349.0
        ],
        [
          426.0,
          365.0
        ]
      ],
      "group_id": null,
      "shape_type": "rectangle",
      "flags": {}
    },
    {
      "label": "resistor",
      "points": [
        [
          140.0,
          243.0
        ],
        [
          209.0,
          271.0
        ]
      ],
      "group_id": null,
      "shape_type": "rectangle",
      "flags": {}
    },
    {
      "label": "gnd",
      "points": [
        [
          389.0,
          385.0
        ],
        [
          428.0,
          404.0
        ]
      ],
      "group_id": null,
      "shape_type": "rectangle",
      "flags": {}
    },
    {
      "label": "port",
      "points": [
        [
          529.0,
          184.0
        ],
        [
          542.0,
          197.0
        ]
      ],
      "group_id": null,
      "shape_type": "rectangle",
      "flags": {}
    },
    {
      "label": "npn",
      "points": [
        [
          237.0,
          219.0
        ],
        [
          285.0,
          299.0
        ]
      ],
      "group_id": null,
      "shape_type": "rectangle",
      "flags": {}
    },
    {
      "label": "resistor",
      "points": [
        [
          459.0,
          223.0
        ],
        [
          488.0,
          290.0
        ]
      ],
      "group_id": null,
      "shape_type": "rectangle",
      "flags": {}
    }
  ],
  "imagePath": "5212.jpg",
  "imageData": null,
  "imageHeight": 515,
  "imageWidth": 616
}