{
  "version": "5.1.1",
  "flags": {},
  "shapes": [
    {
      "label": "diode",
      "points": [
        [
          195.0,
          86.0
        ],
        [
          211.0,
          98.0
        ]
      ],
      "group_id": null,
      "shape_type": "rectangle",
      "flags": {}
    },
    {
      "label": "resistor2",
      "points": [
        [
          339.0,
          195.0
        ],
        [
          354.0,
          224.0
        ]
      ],
      "group_id": null,
      "shape_type": "rectangle",
      "flags": {}
    },
    {
      "label": "capacitor",
      "points": [
        [
          300.0,
          64.0
        ],
        [
          317.0,
          73.0
        ]
      ],
      "group_id": null,
      "shape_type": "rectangle",
      "flags": {}
    },
    {
      "label": "resistor2",
      "points": [
        [
          172.0,
          183.0
        ],
        [
          186.0,
          210.0
        ]
      ],
      "group_id": null,
      "shape_type": "rectangle",
      "flags": {}
    },
    {
      "label": "resistor2",
      "points": [
        [
          268.0,
          196.0
        ],
        [
          282.0,
          224.0
        ]
      ],
      "group_id": null,
      "shape_type": "rectangle",
      "flags": {}
    },
    {
      "label": "nmos-bulk",
      "points": [
        [
          254.0,
          126.0
        ],
        [
          278.0,
          153.0
        ]
      ],
      "group_id": null,
      "shape_type": "rectangle",
      "flags": {}
    },
    {
      "label": "diode",
      "points": [
        [
          195.0,
          191.0
        ],
        [
          213.0,
          204.0
        ]
      ],
      "group_id": null,
      "shape_type": "rectangle",
      "flags": {}
    },
    {
      "label": "gnd",
      "points": [
        [
          341.0,
          266.0
        ],
        [
          355.0,
          275.0
        ]
      ],
      "group_id": null,
      "shape_type": "rectangle",
      "flags": {}
    },
    {
      "label": "gnd",
      "points": [
        [
          302.0,
          85.0
        ],
        [
          316.0,
          94.0
        ]
      ],
      "group_id": null,
      "shape_type": "rectangle",
      "flags": {}
    },
    {
      "label": "gnd",
      "points": [
        [
          197.0,
          285.0
        ],
        [
          211.0,
          294.0
        ]
      ],
      "group_id": null,
      "shape_type": "rectangle",
      "flags": {}
    },
    {
      "label": "port",
      "points": [
        [
          201.0,
          20.0
        ],
        [
          207.0,
          26.0
        ]
      ],
      "group_id": null,
      "shape_type": "rectangle",
      "flags": {}
    },
    {
      "label": "capacitor",
      "points": [
        [
          139.0,
          131.0
        ],
        [
          149.0,
          152.0
        ]
      ],
      "group_id": null,
      "shape_type": "rectangle",
      "flags": {}
    },
    {
      "label": "resistor2",
      "points": [
        [
          215.0,
          135.0
        ],
        [
          242.0,
          148.0
        ]
      ],
      "group_id": null,
      "shape_type": "rectangle",
      "flags": {}
    },
    {
      "label": "capacitor",
      "points": [
        [
          311.0,
          160.0
        ],
        [
          321.0,
          183.0
        ]
      ],
      "group_id": null,
      "shape_type": "rectangle",
      "flags": {}
    },
    {
      "label": "gnd",
      "points": [
        [
          46.0,
          192.0
        ],
        [
          58.0,
          201.0
        ]
      ],
      "group_id": null,
      "shape_type": "rectangle",
      "flags": {}
    },
    {
      "label": "resistor2",
      "points": [
        [
          87.0,
          135.0
        ],
        [
          114.0,
          147.0
        ]
      ],
      "group_id": null,
      "shape_type": "rectangle",
      "flags": {}
    },
    {
      "label": "port",
      "points": [
        [
          9.0,
          97.0
        ],
        [
          15.0,
          103.0
        ]
      ],
      "group_id": null,
      "shape_type": "rectangle",
      "flags": {}
    },
    {
      "label": "port",
      "points": [
        [
          384.0,
          168.0
        ],
        [
          391.0,
          175.0
        ]
      ],
      "group_id": null,
      "shape_type": "rectangle",
      "flags": {}
    },
    {
      "label": "resistor2_3",
      "points": [
        [
          43.5309,
          129.1471
        ],
        [
          57.533,
          156.1467
        ]
      ],
      "group_id": null,
      "shape_type": "rectangle",
      "flags": {}
    },
    {
      "label": "resistor2",
      "points": [
        [
          172.0297,
          77.1917
        ],
        [
          186.0236,
          104.1957
        ]
      ],
      "group_id": null,
      "shape_type": "rectangle",
      "flags": {}
    }
  ],
  "imagePath": "5280.jpg",
  "imageData": null,
  "imageHeight": 429,
  "imageWidth": 473
}