{
  "version": "5.1.1",
  "flags": {},
  "shapes": [
    {
      "label": "voltage",
      "points": [
        [
          4.0,
          294.0
        ],
        [
          26.0,
          315.0
        ]
      ],
      "group_id": null,
      "shape_type": "rectangle",
      "flags": {}
    },
    {
      "label": "voltage",
      "points": [
        [
          54.0,
          164.0
        ],
        [
          75.0,
          185.0
        ]
      ],
      "group_id": null,
      "shape_type": "rectangle",
      "flags": {}
    },
    {
      "label": "gnd",
      "points": [
        [
          4.0,
          331.0
        ],
        [
          27.0,
          346.0
        ]
      ],
      "group_id": null,
      "shape_type": "rectangle",
      "flags": {}
    },
    {
      "label": "resistor",
      "points": [
        [
          249.0,
          195.0
        ],
        [
          260.0,
          226.0
        ]
      ],
      "group_id": null,
      "shape_type": "rectangle",
      "flags": {}
    },
    {
      "label": "pnp",
      "points": [
        [
          112.0,
          263.0
        ],
        [
          127.0,
          287.0
        ]
      ],
      "group_id": null,
      "shape_type": "rectangle",
      "flags": {}
    },
    {
      "label": "npn",
      "points": [
        [
          113.0,
          63.0
        ],
        [
          127.0,
          87.0
        ]
      ],
      "group_id": null,
      "shape_type": "rectangle",
      "flags": {}
    },
    {
      "label": "resistor",
      "points": [
        [
          120.0,
          124.0
        ],
        [
          130.0,
          156.0
        ]
      ],
      "group_id": null,
      "shape_type": "rectangle",
      "flags": {}
    },
    {
      "label": "pnp",
      "points": [
        [
          182.0,
          233.0
        ],
        [
          197.0,
          257.0
        ]
      ],
      "group_id": null,
      "shape_type": "rectangle",
      "flags": {}
    },
    {
      "label": "resistor",
      "points": [
        [
          119.0,
          193.0
        ],
        [
          130.0,
          226.0
        ]
      ],
      "group_id": null,
      "shape_type": "rectangle",
      "flags": {}
    },
    {
      "label": "gnd",
      "points": [
        [
          242.1808,
          241.9977
        ],
        [
          267.4061,
          257.4046
        ]
      ],
      "group_id": null,
      "shape_type": "rectangle",
      "flags": {}
    },
    {
      "label": "port",
      "points": [
        [
          120.9151,
          14.1021
        ],
        [
          128.0,
          21.8331
        ]
      ],
      "group_id": null,
      "shape_type": "rectangle",
      "flags": {}
    },
    {
      "label": "npn",
      "points": [
        [
          182.202,
          93.2097
        ],
        [
          196.2084,
          117.2056
        ]
      ],
      "group_id": null,
      "shape_type": "rectangle",
      "flags": {}
    }
  ],
  "imagePath": "5322.jpg",
  "imageData": null,
  "imageHeight": 360,
  "imageWidth": 282
}