{
  "version": "5.1.1",
  "flags": {},
  "shapes": [
    {
      "label": "nmos-bulk",
      "points": [
        [
          268.0,
          125.0
        ],
        [
          292.0,
          152.0
        ]
      ],
      "group_id": null,
      "shape_type": "rectangle",
      "flags": {}
    },
    {
      "label": "resistor2",
      "points": [
        [
          354.0,
          195.0
        ],
        [
          368.0,
          223.0
        ]
      ],
      "group_id": null,
      "shape_type": "rectangle",
      "flags": {}
    },
    {
      "label": "resistor2",
      "points": [
        [
          101.0,
          134.0
        ],
        [
          128.0,
          147.0
        ]
      ],
      "group_id": null,
      "shape_type": "rectangle",
      "flags": {}
    },
    {
      "label": "port",
      "points": [
        [
          22.0,
          97.0
        ],
        [
          29.0,
          103.0
        ]
      ],
      "group_id": null,
      "shape_type": "rectangle",
      "flags": {}
    },
    {
      "label": "capacitor",
      "points": [
        [
          324.0,
          160.0
        ],
        [
          335.0,
          182.0
        ]
      ],
      "group_id": null,
      "shape_type": "rectangle",
      "flags": {}
    },
    {
      "label": "gnd",
      "points": [
        [
          211.0,
          284.0
        ],
        [
          225.0,
          293.0
        ]
      ],
      "group_id": null,
      "shape_type": "rectangle",
      "flags": {}
    },
    {
      "label": "resistor2",
      "points": [
        [
          282.0,
          196.0
        ],
        [
          296.0,
          223.0
        ]
      ],
      "group_id": null,
      "shape_type": "rectangle",
      "flags": {}
    },
    {
      "label": "port",
      "points": [
        [
          398.0,
          167.0
        ],
        [
          405.0,
          174.0
        ]
      ],
      "group_id": null,
      "shape_type": "rectangle",
      "flags": {}
    },
    {
      "label": "gnd",
      "points": [
        [
          59.0,
          191.0
        ],
        [
          72.0,
          200.0
        ]
      ],
      "group_id": null,
      "shape_type": "rectangle",
      "flags": {}
    },
    {
      "label": "capacitor",
      "points": [
        [
          152.0,
          130.0
        ],
        [
          163.0,
          151.0
        ]
      ],
      "group_id": null,
      "shape_type": "rectangle",
      "flags": {}
    },
    {
      "label": "gnd",
      "points": [
        [
          355.0,
          265.0
        ],
        [
          369.0,
          274.0
        ]
      ],
      "group_id": null,
      "shape_type": "rectangle",
      "flags": {}
    },
    {
      "label": "resistor2",
      "points": [
        [
          186.1676,
          75.6846
        ],
        [
          200.7049,
          103.6059
        ]
      ],
      "group_id": null,
      "shape_type": "rectangle",
      "flags": {}
    },
    {
      "label": "resistor2_3",
      "points": [
        [
          57.8896,
          127.3249
        ],
        [
          71.5291,
          155.7439
        ]
      ],
      "group_id": null,
      "shape_type": "rectangle",
      "flags": {}
    },
    {
      "label": "diode",
      "points": [
        [
          208.2439,
          189.6077
        ],
        [
          226.5018,
          203.4027
        ]
      ],
      "group_id": null,
      "shape_type": "rectangle",
      "flags": {}
    },
    {
      "label": "diode",
      "points": [
        [
          209.276,
          83.7333
        ],
        [
          227.5317,
          97.5305
        ]
      ],
      "group_id": null,
      "shape_type": "rectangle",
      "flags": {}
    },
    {
      "label": "resistor2",
      "points": [
        [
          185.751,
          181.9844
        ],
        [
          199.4003,
          210.4053
        ]
      ],
      "group_id": null,
      "shape_type": "rectangle",
      "flags": {}
    },
    {
      "label": "port",
      "points": [
        [
          213.8077,
          18.1361
        ],
        [
          220.8078,
          24.1333
        ]
      ],
      "group_id": null,
      "shape_type": "rectangle",
      "flags": {}
    },
    {
      "label": "resistor2",
      "points": [
        [
          228.9375,
          133.4193
        ],
        [
          255.6036,
          147.2031
        ]
      ],
      "group_id": null,
      "shape_type": "rectangle",
      "flags": {}
    }
  ],
  "imagePath": "5351.jpg",
  "imageData": null,
  "imageHeight": 458,
  "imageWidth": 504
}