{
  "version": "5.1.1",
  "flags": {},
  "shapes": [
    {
      "label": "resistor",
      "points": [
        [
          869.0,
          262.0
        ],
        [
          896.0,
          328.0
        ]
      ],
      "group_id": null,
      "shape_type": "rectangle",
      "flags": {}
    },
    {
      "label": "diode",
      "points": [
        [
          348.0,
          368.0
        ],
        [
          376.0,
          401.0
        ]
      ],
      "group_id": null,
      "shape_type": "rectangle",
      "flags": {}
    },
    {
      "label": "vdd",
      "points": [
        [
          870.0,
          60.0
        ],
        [
          896.0,
          70.0
        ]
      ],
      "group_id": null,
      "shape_type": "rectangle",
      "flags": {}
    },
    {
      "label": "resistor",
      "points": [
        [
          549.0,
          422.0
        ],
        [
          576.0,
          488.0
        ]
      ],
      "group_id": null,
      "shape_type": "rectangle",
      "flags": {}
    },
    {
      "label": "gnd",
      "points": [
        [
          751.0,
          561.0
        ],
        [
          792.0,
          579.0
        ]
      ],
      "group_id": null,
      "shape_type": "rectangle",
      "flags": {}
    },
    {
      "label": "diode",
      "points": [
        [
          286.0,
          440.0
        ],
        [
          319.0,
          469.0
        ]
      ],
      "group_id": null,
      "shape_type": "rectangle",
      "flags": {}
    },
    {
      "label": "port",
      "points": [
        [
          117.0,
          370.0
        ],
        [
          165.0,
          399.0
        ]
      ],
      "group_id": null,
      "shape_type": "rectangle",
      "flags": {}
    },
    {
      "label": "pnp",
      "points": [
        [
          747.0,
          361.0
        ],
        [
          776.0,
          408.0
        ]
      ],
      "group_id": null,
      "shape_type": "rectangle",
      "flags": {}
    },
    {
      "label": "vdd",
      "points": [
        [
          518.0,
          60.0
        ],
        [
          545.0,
          71.0
        ]
      ],
      "group_id": null,
      "shape_type": "rectangle",
      "flags": {}
    },
    {
      "label": "resistor",
      "points": [
        [
          649.0,
          222.0
        ],
        [
          676.0,
          288.0
        ]
      ],
      "group_id": null,
      "shape_type": "rectangle",
      "flags": {}
    },
    {
      "label": "capacitor",
      "points": [
        [
          402.0,
          456.0
        ],
        [
          441.0,
          475.0
        ]
      ],
      "group_id": null,
      "shape_type": "rectangle",
      "flags": {}
    },
    {
      "label": "npn",
      "points": [
        [
          747.0,
          361.0
        ],
        [
          776.0,
          408.0
        ]
      ],
      "group_id": null,
      "shape_type": "rectangle",
      "flags": {}
    },
    {
      "label": "resistor",
      "points": [
        [
          630.0,
          368.0
        ],
        [
          696.0,
          400.0
        ]
      ],
      "group_id": null,
      "shape_type": "rectangle",
      "flags": {}
    },
    {
      "label": "capacitor",
      "points": [
        [
          233.0,
          363.0
        ],
        [
          251.0,
          403.0
        ]
      ],
      "group_id": null,
      "shape_type": "rectangle",
      "flags": {}
    },
    {
      "label": "pmos-bulk",
      "points": [
        [
          749.239,
          149.9881
        ],
        [
          797.0,
          182.4049
        ]
      ],
      "group_id": null,
      "shape_type": "rectangle",
      "flags": {}
    },
    {
      "label": "diode",
      "points": [
        [
          763.9302,
          124.3632
        ],
        [
          782.0391,
          142.5659
        ]
      ],
      "group_id": null,
      "shape_type": "rectangle",
      "flags": {}
    }
  ],
  "imagePath": "5404.jpg",
  "imageData": null,
  "imageHeight": 637,
  "imageWidth": 985
}